ID,TimeStamp,CountryCode,TweetType,Size,LikeCount,RetweetCount
1128948843821883392,Thu May 16 10:02:33 WEST 2019,FR,original,234,0,0
1128944671433068545,Thu May 16 09:45:59 WEST 2019,ES,original,303,6,4
1128883302365106177,Thu May 16 05:42:07 WEST 2019,SE,original,29,0,0
1128862979645067264,Thu May 16 04:21:22 WEST 2019,US,original,159,0,0
1128852057623015424,Thu May 16 03:37:58 WEST 2019,BR,original,220,0,0
1128807903052402694,Thu May 16 00:42:30 WEST 2019,AU,original,147,0,0
1128994498774732801,Thu May 16 13:03:58 WEST 2019,US,original,261,2,1
1128990741710213126,Thu May 16 12:49:03 WEST 2019,US,original,261,2,3
1128810331713679360,Thu May 16 00:52:10 WEST 2019,US,original,218,2,1
1129007734118944769,Thu May 16 13:56:34 WEST 2019,ES,original,179,0,0
1129006427136249859,Thu May 16 13:51:22 WEST 2019,US,original,283,0,0
1129005621460606976,Thu May 16 13:48:10 WEST 2019,ID,original,267,0,0
1129005406821523457,Thu May 16 13:47:19 WEST 2019,US,original,237,0,0
1129004870814584832,Thu May 16 13:45:11 WEST 2019,DK,original,102,0,0
1129004541624635394,Thu May 16 13:43:53 WEST 2019,ES,original,303,0,0
1129006508140781568,Thu May 16 13:51:42 WEST 2019,US,original,207,0,0
1129005679652560896,Thu May 16 13:48:24 WEST 2019,GB,original,303,0,0
1128989632304222208,Thu May 16 12:44:38 WEST 2019,US,original,153,1,0
1128980352268144641,Thu May 16 12:07:46 WEST 2019,GB,original,301,2,1
1128924880374816769,Thu May 16 08:27:20 WEST 2019,NL,original,83,1,0
1128990109775216641,Thu May 16 12:46:32 WEST 2019,IN,original,52,0,0
1128903718504751104,Thu May 16 07:03:15 WEST 2019,IN,original,288,0,0
1128672989787099136,Wed May 15 15:46:25 WEST 2019,RO,original,81,1,0
1128974998750879746,Thu May 16 11:46:29 WEST 2019,PT,original,102,0,0
1129006741218299905,Thu May 16 13:52:37 WEST 2019,JP,original,172,0,0
1129004093978976257,Thu May 16 13:42:06 WEST 2019,DE,original,240,0,0
1129002755253854208,Thu May 16 13:36:47 WEST 2019,AZ,original,85,1,0
1128992943812075525,Thu May 16 12:57:48 WEST 2019,IT,original,232,0,0
1128988259663503361,Thu May 16 12:39:11 WEST 2019,PT,original,156,0,1
1128984585520504832,Thu May 16 12:24:35 WEST 2019,US,original,239,1,0
1128978852640903168,Thu May 16 12:01:48 WEST 2019,IS,original,238,0,0
1128970627749163008,Thu May 16 11:29:07 WEST 2019,TR,original,246,0,0
1128968434937675777,Thu May 16 11:20:24 WEST 2019,IT,original,300,0,0
1128964713323253761,Thu May 16 11:05:37 WEST 2019,IN,original,134,0,0
1128956728081408000,Thu May 16 10:33:53 WEST 2019,IT,original,238,0,0
1128956647534157824,Thu May 16 10:33:34 WEST 2019,TR,original,303,1,1
1128951388149567488,Thu May 16 10:12:40 WEST 2019,IN,original,238,0,1
1128641891321503744,Wed May 15 13:42:50 WEST 2019,BR,original,138,0,0
1128409236638244864,Tue May 14 22:18:21 WEST 2019,US,original,234,0,0
1128406998113038337,Tue May 14 22:09:27 WEST 2019,JP,original,128,1,0
1128985267283451904,Thu May 16 12:27:17 WEST 2019,US,original,33,0,0
1129007318602063874,Thu May 16 13:54:55 WEST 2019,FR,original,118,0,0
1128966733237182465,Thu May 16 11:13:39 WEST 2019,GB,original,240,0,0
1128926357470236672,Thu May 16 08:33:12 WEST 2019,CA,original,193,0,0
1128853085080739841,Thu May 16 03:42:03 WEST 2019,US,original,56,0,0
1129007541852229633,Thu May 16 13:55:48 WEST 2019,US,original,165,0,0
1129005305671630848,Thu May 16 13:46:55 WEST 2019,US,original,298,47,19
1128530882514575365,Wed May 15 06:21:44 WEST 2019,ES,original,207,0,0
1128413022383484928,Tue May 14 22:33:24 WEST 2019,ES,original,197,4,11
1128955567010136064,Thu May 16 10:29:16 WEST 2019,GH,original,247,0,0
1128978469520592897,Thu May 16 12:00:17 WEST 2019,NG,original,153,0,0
1128994785463808000,Thu May 16 13:05:07 WEST 2019,IT,original,240,0,0
1128982897761902592,Thu May 16 12:17:52 WEST 2019,DE,original,261,4,1
1128994785463808000,Thu May 16 13:05:07 WEST 2019,IT,original,240,0,0
1128982897761902592,Thu May 16 12:17:52 WEST 2019,DE,original,261,4,1
1128994531951751168,Thu May 16 13:04:06 WEST 2019,KH,original,122,0,0
1128986079695130625,Thu May 16 12:30:31 WEST 2019,ID,original,236,0,0
1128958736918142976,Thu May 16 10:41:52 WEST 2019,PH,original,287,0,0
1128861055361462272,Thu May 16 04:13:43 WEST 2019,IN,original,88,0,0
1128993698551721984,Thu May 16 13:00:48 WEST 2019,CN,original,236,1,0
1128900572189417474,Thu May 16 06:50:45 WEST 2019,US,original,30,0,0
1128855474785402881,Thu May 16 03:51:32 WEST 2019,VE,original,241,0,0
1128849616202534912,Thu May 16 03:28:16 WEST 2019,BR,original,142,0,0
1129003666785087489,Thu May 16 13:40:24 WEST 2019,US,original,241,0,0
1129003507045031937,Thu May 16 13:39:46 WEST 2019,US,original,319,0,0
1129005430791901185,Thu May 16 13:47:25 WEST 2019,CO,original,273,0,0
1129007895541112832,Thu May 16 13:57:12 WEST 2019,ES,original,243,0,0
1129007018189217792,Thu May 16 13:53:43 WEST 2019,ES,original,73,0,0
1129006335813738497,Thu May 16 13:51:01 WEST 2019,ES,original,125,0,0
1129004062781915136,Thu May 16 13:41:59 WEST 2019,ES,original,141,0,0
1129003157126897665,Thu May 16 13:38:23 WEST 2019,ES,original,209,0,0
1129002723427401729,Thu May 16 13:36:39 WEST 2019,ES,original,241,0,0
1129006599719333889,Thu May 16 13:52:03 WEST 2019,DE,original,277,0,0
1129007660450295808,Thu May 16 13:56:16 WEST 2019,ES,original,234,0,0
1129006135300767746,Thu May 16 13:50:13 WEST 2019,VE,original,238,0,0
1129003714872840193,Thu May 16 13:40:36 WEST 2019,AR,original,179,0,0
1128901113753755648,Thu May 16 06:52:54 WEST 2019,ES,original,238,0,0
1128773312665083904,Wed May 15 22:25:03 WEST 2019,US,original,97,0,0
1128760686958587905,Wed May 15 21:34:53 WEST 2019,US,original,77,0,1
1128753871415914501,Wed May 15 21:07:48 WEST 2019,US,original,103,0,0
1128731207389282307,Wed May 15 19:37:45 WEST 2019,US,original,73,3,0
1128705097515589633,Wed May 15 17:54:00 WEST 2019,ES,original,205,0,0
1128683317002248193,Wed May 15 16:27:27 WEST 2019,US,original,256,0,0
1128522644297482240,Wed May 15 05:48:59 WEST 2019,GB,original,134,2,0
1128463719501971456,Wed May 15 01:54:51 WEST 2019,US,original,116,1,0
1128370975832076288,Tue May 14 19:46:19 WEST 2019,US,original,147,0,0
1129003313838534657,Thu May 16 13:39:00 WEST 2019,GB,original,238,0,1
1129002946673487872,Thu May 16 13:37:33 WEST 2019,AU,original,232,0,0
1128995668394168320,Thu May 16 13:08:37 WEST 2019,GR,original,240,1,0
1128990797062443011,Thu May 16 12:49:16 WEST 2019,GR,original,73,0,0
1128986460437094401,Thu May 16 12:32:02 WEST 2019,GR,original,168,0,0
1128973834420445184,Thu May 16 11:41:52 WEST 2019,GR,original,207,4,1
1129008032749424643,Thu May 16 13:57:45 WEST 2019,MX,original,142,0,0
1129005028105248768,Thu May 16 13:45:49 WEST 2019,ES,original,224,0,1
1128999334945710080,Thu May 16 13:23:11 WEST 2019,US,original,221,4,0
1128012830408572929,Mon May 13 20:03:10 WEST 2019,US,original,210,4,0
1129007245499523072,Thu May 16 13:54:37 WEST 2019,US,original,238,0,0
1129007059108864001,Thu May 16 13:53:53 WEST 2019,US,original,240,0,0
1129006873884188672,Thu May 16 13:53:09 WEST 2019,US,original,303,1,0
1129007267213262848,Thu May 16 13:54:43 WEST 2019,US,original,117,0,0
1129006432966402048,Thu May 16 13:51:24 WEST 2019,CA,original,137,0,0
1129006009270263809,Thu May 16 13:49:43 WEST 2019,US,original,215,0,0
1129005435669884929,Thu May 16 13:47:26 WEST 2019,US,original,126,0,0
1128417133459853312,Tue May 14 22:49:44 WEST 2019,MX,original,42,0,0
1128028011914321921,Mon May 13 21:03:30 WEST 2019,GB,original,102,68,11
1128571358525444097,Wed May 15 09:02:34 WEST 2019,GB,original,67,2,0
1129008730887151618,Thu May 16 14:00:32 WEST 2019,TR,original,236,0,0
1129007814792306688,Thu May 16 13:56:53 WEST 2019,BR,original,233,0,0
1128999662667665408,Thu May 16 13:24:30 WEST 2019,IT,original,300,0,0
1128879613126557697,Thu May 16 05:27:27 WEST 2019,US,original,148,0,0
1129001892082851845,Thu May 16 13:33:21 WEST 2019,MX,original,287,0,0
1129001746037190657,Thu May 16 13:32:46 WEST 2019,MX,original,304,0,0
1128982624888918016,Thu May 16 12:16:47 WEST 2019,US,original,259,1,0
1128967315813478400,Thu May 16 11:15:57 WEST 2019,BR,original,239,1,0
1128966514500149248,Thu May 16 11:12:46 WEST 2019,ES,original,232,0,0
1128965900269445120,Thu May 16 11:10:20 WEST 2019,IT,original,238,0,0
1129007726963699714,Thu May 16 13:56:32 WEST 2019,LB,original,206,0,0
1129006638738886656,Thu May 16 13:52:13 WEST 2019,US,original,238,0,0
1129006365693943809,Thu May 16 13:51:08 WEST 2019,NL,original,228,0,0
1129005793989337090,Thu May 16 13:48:51 WEST 2019,IE,original,195,0,0
1129005484701298689,Thu May 16 13:47:38 WEST 2019,PE,original,301,1,0
1129005147718332418,Thu May 16 13:46:17 WEST 2019,HR,original,234,0,0
1129004465670037505,Thu May 16 13:43:35 WEST 2019,GB,original,102,1,0
1129008485927129090,Thu May 16 13:59:33 WEST 2019,MX,original,130,0,0
1129006393007267841,Thu May 16 13:51:14 WEST 2019,US,original,81,0,0
1129003989536841728,Thu May 16 13:41:41 WEST 2019,US,original,77,0,0
1128990295905980417,Thu May 16 12:47:16 WEST 2019,US,original,237,0,0
1128981401246851072,Thu May 16 12:11:56 WEST 2019,GB,original,244,0,0
1129002123499253760,Thu May 16 13:34:16 WEST 2019,FR,original,243,0,0
1128984884515672064,Thu May 16 12:25:46 WEST 2019,FR,original,276,0,0
1128978793874509824,Thu May 16 12:01:34 WEST 2019,GB,original,303,0,0
1128968577258852352,Thu May 16 11:20:58 WEST 2019,IT,original,88,2,0
1128958661420883968,Thu May 16 10:41:34 WEST 2019,PL,original,141,0,0
1128955588292091904,Thu May 16 10:29:21 WEST 2019,ES,original,225,0,0
1128952581336834048,Thu May 16 10:17:24 WEST 2019,FR,original,191,0,0
1128952548650622976,Thu May 16 10:17:17 WEST 2019,SE,original,139,0,0
1128935262967537664,Thu May 16 09:08:35 WEST 2019,ES,original,273,2,2
1128923366486872065,Thu May 16 08:21:19 WEST 2019,US,original,154,0,0
1129007959613116416,Thu May 16 13:57:28 WEST 2019,US,original,199,0,0
1129003227175895041,Thu May 16 13:38:39 WEST 2019,PL,original,226,0,0
1128983334007263232,Thu May 16 12:19:36 WEST 2019,US,original,198,0,0
1128980352268144641,Thu May 16 12:07:46 WEST 2019,GB,original,301,2,1
1128966425757065216,Thu May 16 11:12:25 WEST 2019,GR,original,274,1,2
1128989101259198469,Thu May 16 12:42:32 WEST 2019,BR,original,227,0,0
1128984114281869312,Thu May 16 12:22:43 WEST 2019,ID,original,169,0,2
1129006727326785536,Thu May 16 13:52:34 WEST 2019,BH,original,169,0,0
1128972494269030400,Thu May 16 11:36:32 WEST 2019,BR,original,208,0,0
1128961922508812288,Thu May 16 10:54:32 WEST 2019,JP,original,186,2,4
1128972494269030400,Thu May 16 11:36:32 WEST 2019,BR,original,208,0,0
1128961922508812288,Thu May 16 10:54:32 WEST 2019,JP,original,186,2,4
1128998839036329984,Thu May 16 13:21:13 WEST 2019,PL,original,159,1,0
1128999519016902659,Thu May 16 13:23:55 WEST 2019,AR,original,204,14,0
1128998447204503554,Thu May 16 13:19:40 WEST 2019,ES,original,51,0,0
1129008661353902080,Thu May 16 14:00:15 WEST 2019,CO,original,216,0,0
1129004636692733953,Thu May 16 13:44:15 WEST 2019,TR,original,278,1,0
1129001627808129025,Thu May 16 13:32:18 WEST 2019,BO,original,192,1,0
1129001145429573633,Thu May 16 13:30:23 WEST 2019,AR,original,215,2,1
1128894198009090054,Thu May 16 06:25:25 WEST 2019,MX,original,144,1,0
1128854115520528387,Thu May 16 03:46:08 WEST 2019,GP,original,236,0,0
1128823304289247233,Thu May 16 01:43:42 WEST 2019,AR,original,166,0,0
1128695285658587137,Wed May 15 17:15:00 WEST 2019,MX,original,238,0,0
1128632699709685761,Wed May 15 13:06:19 WEST 2019,IT,original,203,0,0
1129003743909797888,Thu May 16 13:40:43 WEST 2019,IN,original,283,0,0
1129003524342390784,Thu May 16 13:39:50 WEST 2019,GB,original,242,0,0
1128980992423804930,Thu May 16 12:10:18 WEST 2019,GB,original,237,0,0
1128976410079506432,Thu May 16 11:52:06 WEST 2019,CN,original,71,0,0
1129007109276725248,Thu May 16 13:54:05 WEST 2019,IN,original,72,0,0
1129009660844023808,Thu May 16 14:04:13 WEST 2019,PL,original,244,0,0
1129009407789027329,Thu May 16 14:03:13 WEST 2019,GB,original,236,0,0
1129009112149184512,Thu May 16 14:02:02 WEST 2019,US,original,241,1,0
1129007726963699714,Thu May 16 13:56:32 WEST 2019,LB,original,206,0,0
1129006638738886656,Thu May 16 13:52:13 WEST 2019,US,original,238,0,0
1129006365693943809,Thu May 16 13:51:08 WEST 2019,NL,original,228,0,0
1129005793989337090,Thu May 16 13:48:51 WEST 2019,IE,original,195,0,0
1129005484701298689,Thu May 16 13:47:38 WEST 2019,PE,original,301,1,0
1129005147718332418,Thu May 16 13:46:17 WEST 2019,HR,original,234,0,0
1128995769405583365,Thu May 16 13:09:01 WEST 2019,TR,original,233,0,0
1128978163269345280,Thu May 16 11:59:04 WEST 2019,IT,original,239,1,0
1128958202375213057,Thu May 16 10:39:45 WEST 2019,JP,original,239,2,2
1128869150745436160,Thu May 16 04:45:53 WEST 2019,AU,original,238,0,1
1128852384942182400,Thu May 16 03:39:16 WEST 2019,US,original,239,2,1
1128847999902334976,Thu May 16 03:21:50 WEST 2019,US,original,235,0,0
1128833538244206592,Thu May 16 02:24:22 WEST 2019,US,original,240,2,0
1128831451418353664,Thu May 16 02:16:05 WEST 2019,US,original,136,1,0
1128801950441594880,Thu May 16 00:18:51 WEST 2019,US,original,190,1,0
1128784187677450240,Wed May 15 23:08:16 WEST 2019,US,original,235,0,0
1128989101259198469,Thu May 16 12:42:32 WEST 2019,BR,original,227,0,0
1128984114281869312,Thu May 16 12:22:43 WEST 2019,ID,original,169,0,2
1129006145224478720,Thu May 16 13:50:15 WEST 2019,GB,original,172,0,0
1129004752669487104,Thu May 16 13:44:43 WEST 2019,TR,original,64,0,0
1128975335641493504,Thu May 16 11:47:50 WEST 2019,GB,original,95,0,0
1128963586162925569,Thu May 16 11:01:08 WEST 2019,DE,original,237,1,0
1128979079632498689,Thu May 16 12:02:42 WEST 2019,ES,original,239,0,0
1128963685286727681,Thu May 16 11:01:32 WEST 2019,PH,original,110,1,0
1129008472287268872,Thu May 16 13:59:30 WEST 2019,EC,original,210,0,0
1129006612226740225,Thu May 16 13:52:06 WEST 2019,US,original,137,0,0
1129008635126829056,Thu May 16 14:00:09 WEST 2019,PH,original,211,0,0
1129006639800041473,Thu May 16 13:52:13 WEST 2019,GB,original,235,0,0
1129006145224478720,Thu May 16 13:50:15 WEST 2019,GB,original,172,0,0
1129000524173516801,Thu May 16 13:27:55 WEST 2019,JP,original,160,0,0
1128998428225224706,Thu May 16 13:19:35 WEST 2019,VE,original,207,0,0
1129007561087311872,Thu May 16 13:55:53 WEST 2019,US,original,199,0,1
1128997070017196032,Thu May 16 13:14:11 WEST 2019,AT,original,233,0,0
1128779536945025029,Wed May 15 22:49:47 WEST 2019,US,original,237,0,0
1128497580453720065,Wed May 15 04:09:24 WEST 2019,JP,original,203,0,0
1128393800181673984,Tue May 14 21:17:01 WEST 2019,US,original,198,1,1
1128359655019773952,Tue May 14 19:01:20 WEST 2019,BR,original,207,1,0
1128356526220021762,Tue May 14 18:48:54 WEST 2019,GB,original,168,1,0
1128326613807112193,Tue May 14 16:50:02 WEST 2019,IT,original,176,0,0
1129007561087311872,Thu May 16 13:55:53 WEST 2019,US,original,199,0,1
1128997070017196032,Thu May 16 13:14:11 WEST 2019,AT,original,233,0,0
1129008941529214976,Thu May 16 14:01:22 WEST 2019,US,original,145,0,0
1128989819206610944,Thu May 16 12:45:23 WEST 2019,ZA,original,61,0,0
1128625566725226497,Wed May 15 12:37:58 WEST 2019,ES,original,211,0,0
1128319042266251267,Tue May 14 16:19:57 WEST 2019,CN,original,296,1,1
1128969387820683264,Thu May 16 11:24:11 WEST 2019,US,original,244,0,0
1128863081625296896,Thu May 16 04:21:46 WEST 2019,CA,original,237,0,0
1128796539424563206,Wed May 15 23:57:21 WEST 2019,US,original,248,1,1
1128779855900889089,Wed May 15 22:51:04 WEST 2019,ES,original,46,1,0
1128778053407182850,Wed May 15 22:43:54 WEST 2019,,original,304,0,0
1129001884776161281,Thu May 16 13:33:19 WEST 2019,US,original,237,0,0
1128999030544109568,Thu May 16 13:21:59 WEST 2019,US,original,230,0,0
1128991252316348416,Thu May 16 12:51:04 WEST 2019,GB,original,59,0,0
1128972280242081793,Thu May 16 11:35:41 WEST 2019,US,original,211,1,0
1128971514517303297,Thu May 16 11:32:38 WEST 2019,US,original,110,0,0
1129010063253954561,Thu May 16 14:05:49 WEST 2019,IR,original,303,0,0
1128999943753097217,Thu May 16 13:25:37 WEST 2019,TW,original,159,0,0
1128901580802088961,Thu May 16 06:54:45 WEST 2019,US,original,80,0,0
1129008551744163847,Thu May 16 13:59:49 WEST 2019,PA,original,254,0,0
1129007958740934656,Thu May 16 13:57:27 WEST 2019,BO,original,249,1,0
1129007493026340865,Thu May 16 13:55:36 WEST 2019,RO,original,237,0,0
1128994644904144896,Thu May 16 13:04:33 WEST 2019,MX,original,228,1,0
1128994041188765696,Thu May 16 13:02:09 WEST 2019,US,original,196,0,0
1128983371026227200,Thu May 16 12:19:45 WEST 2019,ZA,original,240,0,0
1128976935860809729,Thu May 16 11:54:11 WEST 2019,RS,original,235,0,0
1128973200552005632,Thu May 16 11:39:20 WEST 2019,CA,original,211,0,0
1128954078443257856,Thu May 16 10:23:21 WEST 2019,GB,original,160,0,0
1129007364085096448,Thu May 16 13:55:06 WEST 2019,CU,original,240,0,0
1129006794217480192,Thu May 16 13:52:50 WEST 2019,ZA,original,201,0,0
1129006675678105600,Thu May 16 13:52:22 WEST 2019,MY,original,232,0,0
1129005023663235072,Thu May 16 13:45:48 WEST 2019,US,original,236,0,0
1129002144147755009,Thu May 16 13:34:21 WEST 2019,BS,original,242,0,0
1129000025458126848,Thu May 16 13:25:56 WEST 2019,US,original,223,0,0
1128998861807259648,Thu May 16 13:21:19 WEST 2019,US,original,273,2,0
1129003347208544259,Thu May 16 13:39:08 WEST 2019,CM,original,67,0,0
1128948843821883392,Thu May 16 10:02:33 WEST 2019,FR,original,234,0,0
1128919905036750848,Thu May 16 08:07:34 WEST 2019,,original,203,0,0
1128904865734897665,Thu May 16 07:07:48 WEST 2019,MX,original,40,0,0
1128901657490628609,Thu May 16 06:55:03 WEST 2019,US,original,89,4,2
1128879008999923712,Thu May 16 05:25:03 WEST 2019,US,original,99,5,2
1128901614092345344,Thu May 16 06:54:53 WEST 2019,US,original,22,0,0
1128880359972646913,Thu May 16 05:30:26 WEST 2019,US,original,27,0,0
1128874787256848384,Thu May 16 05:08:17 WEST 2019,US,original,137,1,0
1128870847232520193,Thu May 16 04:52:38 WEST 2019,US,original,112,0,0
1127956298744696833,Mon May 13 16:18:32 WEST 2019,MX,original,260,1,0
1128847356768600065,Thu May 16 03:19:17 WEST 2019,US,original,90,0,0
1128733118800834561,Wed May 15 19:45:21 WEST 2019,ES,original,45,2,0
1129009123096432641,Thu May 16 14:02:05 WEST 2019,US,original,238,0,0
1129008936470962177,Thu May 16 14:01:21 WEST 2019,RS,original,136,2,1
1128089755374239744,Tue May 14 01:08:51 WEST 2019,IT,original,185,0,0
1127839363214262272,Mon May 13 08:33:53 WEST 2019,PT,original,122,6,0
1127194990642434049,Sat May 11 13:53:22 WEST 2019,ES,original,140,1,0
1129009272828907520,Thu May 16 14:02:41 WEST 2019,CO,original,189,0,0
1128993218182254592,Thu May 16 12:58:53 WEST 2019,MX,original,233,0,0
1129007430686449664,Thu May 16 13:55:22 WEST 2019,PL,original,199,0,0
1128994599580635136,Thu May 16 13:04:22 WEST 2019,IT,original,233,0,0
1128988712065425408,Thu May 16 12:40:59 WEST 2019,BR,original,239,0,0
1128986945546272768,Thu May 16 12:33:58 WEST 2019,BR,original,182,0,0
1128983878448963584,Thu May 16 12:21:46 WEST 2019,ZA,original,239,0,0
1128976596336029696,Thu May 16 11:52:50 WEST 2019,BR,original,178,0,0
1129009575577948166,Thu May 16 14:03:53 WEST 2019,MX,original,295,0,0
1129009290495160321,Thu May 16 14:02:45 WEST 2019,IN,original,237,0,0
1129008852928745472,Thu May 16 14:01:01 WEST 2019,US,original,302,0,0
1128906076710064129,Thu May 16 07:12:37 WEST 2019,IN,original,303,1,0
1128899266397835264,Thu May 16 06:45:33 WEST 2019,AT,original,231,0,0
1128763513688797185,Wed May 15 21:46:07 WEST 2019,MX,original,128,1,0
1128871150337945600,Thu May 16 04:53:50 WEST 2019,TH,original,257,0,0
1128872087001731073,Thu May 16 04:57:33 WEST 2019,US,original,184,0,0
1128655066607628289,Wed May 15 14:35:11 WEST 2019,US,original,161,0,0
1128539227719790593,Wed May 15 06:54:53 WEST 2019,US,original,214,0,0
1128513729161773056,Wed May 15 05:13:34 WEST 2019,US,original,117,2,1
1128355795584868354,Tue May 14 18:46:00 WEST 2019,US,original,189,0,0
1128295839259090944,Tue May 14 14:47:45 WEST 2019,US,original,219,0,0
1128279716761362432,Tue May 14 13:43:41 WEST 2019,US,original,206,0,0
1128274168162738182,Tue May 14 13:21:38 WEST 2019,US,original,163,0,0
1128170878838149120,Tue May 14 06:31:12 WEST 2019,US,original,214,0,0
1128071236733546502,Mon May 13 23:55:16 WEST 2019,BR,original,297,2,0
1127084174869958656,Sat May 11 06:33:02 WEST 2019,BR,original,146,0,0
1126296447220162560,Thu May 09 02:22:53 WEST 2019,BR,original,121,0,0
1126262810730795009,Thu May 09 00:09:13 WEST 2019,US,original,222,0,0
1126262447357165568,Thu May 09 00:07:47 WEST 2019,US,original,222,0,0
1125962263985152000,Wed May 08 04:14:57 WEST 2019,US,original,200,0,0
1128344656712994816,Tue May 14 18:01:44 WEST 2019,BR,original,198,18,1
1127702694905380865,Sun May 12 23:30:48 WEST 2019,BR,original,62,2,0
1127412065252052994,Sun May 12 04:15:57 WEST 2019,BR,original,128,0,0
1126823133070209024,Fri May 10 13:15:44 WEST 2019,BR,original,39,0,0
1126579830999474177,Thu May 09 21:08:57 WEST 2019,BR,original,86,0,0
1126548680205635585,Thu May 09 19:05:10 WEST 2019,BR,original,170,3,1
1125734248902561793,Tue May 07 13:08:54 WEST 2019,BR,original,76,0,0
1128983647988715520,Thu May 16 12:20:51 WEST 2019,BR,original,85,0,0
1128451623179706368,Wed May 15 01:06:47 WEST 2019,BR,original,51,0,0
1128312749619064832,Tue May 14 15:54:57 WEST 2019,BR,original,63,0,0
1127745146282491904,Mon May 13 02:19:30 WEST 2019,BR,original,53,0,0
1127744983740682240,Mon May 13 02:18:51 WEST 2019,BR,original,70,0,0
1127519184466927616,Sun May 12 11:21:36 WEST 2019,BR,original,99,0,0
1127038777296396289,Sat May 11 03:32:38 WEST 2019,BR,original,120,0,0
1125735957586595843,Tue May 07 13:15:42 WEST 2019,BR,original,74,0,0
1125734922952462337,Tue May 07 13:11:35 WEST 2019,BR,original,76,0,0
1125734674255343616,Tue May 07 13:10:36 WEST 2019,BR,original,88,0,0
1126167706653417474,Wed May 08 17:51:19 WEST 2019,BR,original,63,2,0
1125873462038364160,Tue May 07 22:22:05 WEST 2019,CA,original,44,1,0
1128278928219627520,Tue May 14 13:40:33 WEST 2019,BR,original,114,0,0
1126444912231223298,Thu May 09 12:12:50 WEST 2019,US,original,58,0,0
1126444912231223298,Thu May 09 12:12:50 WEST 2019,US,original,58,0,0
1128467901835431937,Wed May 15 02:11:28 WEST 2019,US,original,48,0,0
1128965114932191232,Thu May 16 11:07:13 WEST 2019,GB,original,223,3,0
1128706376459538432,Wed May 15 17:59:05 WEST 2019,AU,original,122,0,0
1128129953650941953,Tue May 14 03:48:35 WEST 2019,US,original,193,0,0
1127469284647690240,Sun May 12 08:03:19 WEST 2019,MY,original,118,0,0
1127034075196399616,Sat May 11 03:13:57 WEST 2019,US,original,51,7,0
1126008147745886208,Wed May 08 07:17:17 WEST 2019,US,original,123,2,0
1125784571826647040,Tue May 07 16:28:52 WEST 2019,FI,original,276,0,0
1126568740710158337,Thu May 09 20:24:53 WEST 2019,BR,original,85,0,0
1125784571826647040,Tue May 07 16:28:52 WEST 2019,FI,original,276,0,0
1129010546148167681,Thu May 16 14:07:44 WEST 2019,JP,original,179,0,0
1129010546148167681,Thu May 16 14:07:44 WEST 2019,JP,original,179,0,0
1129008206230052865,Thu May 16 13:58:26 WEST 2019,JM,original,175,0,0
1129003175296589824,Thu May 16 13:38:27 WEST 2019,GB,original,235,1,0
1128999942935195648,Thu May 16 13:25:36 WEST 2019,JM,original,188,0,0
1128994325017157633,Thu May 16 13:03:17 WEST 2019,KE,original,234,0,0
1128993713181593600,Thu May 16 13:00:51 WEST 2019,KE,original,235,0,0
1128992227521437698,Thu May 16 12:54:57 WEST 2019,NL,original,290,1,2
1128989146058506240,Thu May 16 12:42:42 WEST 2019,JM,original,237,0,0
1128986476190900224,Thu May 16 12:32:06 WEST 2019,JM,original,224,0,0
1128984639790616578,Thu May 16 12:24:48 WEST 2019,JM,original,181,0,0
1128983588228272128,Thu May 16 12:20:37 WEST 2019,JM,original,156,0,0
1128558208962977793,Wed May 15 08:10:19 WEST 2019,SE,original,213,0,0
1129010219969912832,Thu May 16 14:06:27 WEST 2019,US,original,276,0,0
1128998227020271616,Thu May 16 13:18:47 WEST 2019,ZA,original,72,0,0
1128993585611698177,Thu May 16 13:00:21 WEST 2019,CA,original,207,0,0
1128976436579176448,Thu May 16 11:52:12 WEST 2019,ES,original,221,1,0
1128973102245920768,Thu May 16 11:38:57 WEST 2019,GB,original,242,0,0
1128950059918352384,Thu May 16 10:07:23 WEST 2019,ZA,original,217,0,0
1128936562560000000,Thu May 16 09:13:45 WEST 2019,ES,original,64,0,0
1128926060299599872,Thu May 16 08:32:01 WEST 2019,US,original,235,0,0
1128920750398689280,Thu May 16 08:10:55 WEST 2019,IN,original,304,0,0
1128978376138665985,Thu May 16 11:59:54 WEST 2019,ZA,original,288,1,0
1129009965576757248,Thu May 16 14:05:26 WEST 2019,AT,original,244,0,0
1129007257067380736,Thu May 16 13:54:40 WEST 2019,DE,original,121,0,0
1129000828260368385,Thu May 16 13:29:07 WEST 2019,US,original,99,7,2
1128981834489049093,Thu May 16 12:13:39 WEST 2019,US,original,303,0,0
1128946900370169856,Thu May 16 09:54:50 WEST 2019,KR,original,239,0,0
1128946045973598208,Thu May 16 09:51:26 WEST 2019,KR,original,239,0,0
1129011211276869632,Thu May 16 14:10:23 WEST 2019,US,original,155,0,0
1128900946136715265,Thu May 16 06:52:14 WEST 2019,MY,original,91,0,0
1128787698930601985,Wed May 15 23:22:13 WEST 2019,CO,original,238,0,1
1128677012447604737,Wed May 15 16:02:24 WEST 2019,CA,original,167,0,0
1128193239582937090,Tue May 14 08:00:03 WEST 2019,US,original,27,1,0
1127636940524785667,Sun May 12 19:09:31 WEST 2019,RE,original,52,0,0
1128516900277895169,Wed May 15 05:26:10 WEST 2019,CA,original,151,0,0
1126211095239127040,Wed May 08 20:43:43 WEST 2019,ES,original,134,0,0
1126091025733185542,Wed May 08 12:46:36 WEST 2019,US,original,95,1,0
1128587900759703553,Wed May 15 10:08:18 WEST 2019,US,original,62,2,0
1128526831274086400,Wed May 15 06:05:38 WEST 2019,ES,original,208,0,0
1126092186313998337,Wed May 08 12:51:13 WEST 2019,US,original,197,0,0
1125999550035050496,Wed May 08 06:43:07 WEST 2019,ID,original,206,0,0
1128057906799218689,Mon May 13 23:02:17 WEST 2019,GB,original,135,0,0
1128026493588791302,Mon May 13 20:57:28 WEST 2019,US,original,154,0,0
1125474091337682944,Mon May 06 19:55:08 WEST 2019,GB,original,98,0,0
1126031193655398400,Wed May 08 08:48:51 WEST 2019,GB,original,187,0,0
1125725337000845312,Tue May 07 12:33:29 WEST 2019,US,original,68,0,0
1127053533013073920,Sat May 11 04:31:16 WEST 2019,US,original,60,3,0
1128387503105425408,Tue May 14 20:51:59 WEST 2019,GB,original,47,1,0
1126672338995441666,Fri May 10 03:16:32 WEST 2019,US,original,97,9,0
1129010852147945474,Thu May 16 14:08:57 WEST 2019,GB,original,237,1,0
1129010508391223296,Thu May 16 14:07:35 WEST 2019,GB,original,234,0,0
1129010316736684033,Thu May 16 14:06:50 WEST 2019,IN,original,208,0,1
1129011456668839936,Thu May 16 14:11:21 WEST 2019,CA,original,74,0,0
1129011460523339777,Thu May 16 14:11:22 WEST 2019,AR,original,246,0,0
1129011446421966848,Thu May 16 14:11:19 WEST 2019,AU,original,18,0,0
1129011379984306176,Thu May 16 14:11:03 WEST 2019,IT,original,296,0,0
1129009675720990725,Thu May 16 14:04:17 WEST 2019,JP,original,48,2,0
1129009257247051776,Thu May 16 14:02:37 WEST 2019,FR,original,188,1,1
1129001928657178625,Thu May 16 13:33:30 WEST 2019,TR,original,208,0,0
1128999565628190720,Thu May 16 13:24:06 WEST 2019,MX,original,241,1,0
1128998069721288704,Thu May 16 13:18:10 WEST 2019,RO,original,194,1,0
1128998023290339329,Thu May 16 13:17:59 WEST 2019,GR,original,126,0,0
1128997418689847297,Thu May 16 13:15:35 WEST 2019,US,original,163,1,0
1129001802790244352,Thu May 16 13:33:00 WEST 2019,JP,original,184,0,0
1128827957252886528,Thu May 16 02:02:12 WEST 2019,VE,original,153,1,0
1128969387820683264,Thu May 16 11:24:11 WEST 2019,US,original,244,0,0
1128863081625296896,Thu May 16 04:21:46 WEST 2019,CA,original,237,0,0
1128796539424563206,Wed May 15 23:57:21 WEST 2019,US,original,248,1,1
1128779855900889089,Wed May 15 22:51:04 WEST 2019,ES,original,46,1,0
1128778053407182850,Wed May 15 22:43:54 WEST 2019,,original,304,0,0
1129008735635091457,Thu May 16 14:00:33 WEST 2019,DE,original,93,0,0
1129001767541313537,Thu May 16 13:32:51 WEST 2019,UY,original,172,0,0
1128983574315773952,Thu May 16 12:20:34 WEST 2019,US,original,229,1,1
1128972504305938432,Thu May 16 11:36:34 WEST 2019,IN,original,238,2,0
1128969387820683264,Thu May 16 11:24:11 WEST 2019,US,original,244,0,0
1128973647367036929,Thu May 16 11:41:07 WEST 2019,ES,original,234,1,0
1128972504305938432,Thu May 16 11:36:34 WEST 2019,IN,original,238,2,0
1128965391252770816,Thu May 16 11:08:19 WEST 2019,AI,original,99,0,0
1128906759370870784,Thu May 16 07:15:20 WEST 2019,US,original,135,0,0
1128892555867885568,Thu May 16 06:18:53 WEST 2019,CA,original,148,0,0
1128867702985187328,Thu May 16 04:40:08 WEST 2019,BR,original,155,0,0
1128856783789776897,Thu May 16 03:56:45 WEST 2019,IN,original,58,8,2
1128769735238266880,Wed May 15 22:10:51 WEST 2019,ID,original,214,0,0
1128765048741072897,Wed May 15 21:52:13 WEST 2019,ID,original,165,0,0
1128606226298867712,Wed May 15 11:21:07 WEST 2019,BR,original,106,231,9
1128560337689513987,Wed May 15 08:18:46 WEST 2019,US,original,84,0,0
1128485719201030144,Wed May 15 03:22:16 WEST 2019,US,original,140,2,0
1128419132528058368,Tue May 14 22:57:40 WEST 2019,CO,original,209,0,0
1128413846555832321,Tue May 14 22:36:40 WEST 2019,US,original,81,0,0
1128268823478640641,Tue May 14 13:00:24 WEST 2019,FR,original,64,0,0
1128158684360597506,Tue May 14 05:42:45 WEST 2019,AU,original,303,0,0
1127911533902729216,Mon May 13 13:20:39 WEST 2019,US,original,112,0,0
1127853473779699712,Mon May 13 09:29:57 WEST 2019,FR,original,49,0,0
1127311994422325249,Sat May 11 21:38:18 WEST 2019,BR,original,121,0,0
1127983164650086400,Mon May 13 18:05:18 WEST 2019,US,original,58,0,0
1126842540177743872,Fri May 10 14:32:51 WEST 2019,BR,original,79,1,1
1128974960330887168,Thu May 16 11:46:20 WEST 2019,AU,original,99,1,1
1127749258147328000,Mon May 13 02:35:50 WEST 2019,US,original,103,1,0
1127410295394058240,Sun May 12 04:08:55 WEST 2019,AU,original,47,0,0
1127278005326315520,Sat May 11 19:23:14 WEST 2019,BR,original,199,0,0
1126472379599769601,Thu May 09 14:01:58 WEST 2019,AU,original,37,0,0
1125718047354789889,Tue May 07 12:04:31 WEST 2019,MY,original,89,0,0
1126460793103339520,Thu May 09 13:15:56 WEST 2019,MY,original,92,1,1
1128889725329248256,Thu May 16 06:07:38 WEST 2019,GB,original,34,0,0
1128942472334401536,Thu May 16 09:37:14 WEST 2019,IE,original,296,2,2
1128933925789810689,Thu May 16 09:03:17 WEST 2019,NL,original,88,0,0
1128774449686372352,Wed May 15 22:29:35 WEST 2019,MX,original,121,12,2
1128498797460492290,Wed May 15 04:14:14 WEST 2019,MX,original,37,1,0
1129004848106606592,Thu May 16 13:45:06 WEST 2019,AR,original,216,0,0
1128975491782893569,Thu May 16 11:48:27 WEST 2019,AR,original,325,1,0
1128973647367036929,Thu May 16 11:41:07 WEST 2019,ES,original,234,1,0
1128866957216739329,Thu May 16 04:37:10 WEST 2019,MX,original,55,0,0
1128791130928308225,Wed May 15 23:35:52 WEST 2019,VE,original,74,0,0
1128551759033655296,Wed May 15 07:44:41 WEST 2019,US,original,77,1,0
1128516793058852864,Wed May 15 05:25:44 WEST 2019,CO,original,30,0,0
1128487190458138624,Wed May 15 03:28:07 WEST 2019,CL,original,122,9,3
1128762311831883782,Wed May 15 21:41:21 WEST 2019,PE,original,173,0,0
1128487144316649472,Wed May 15 03:27:56 WEST 2019,AR,original,33,4,1
1128430801765273600,Tue May 14 23:44:03 WEST 2019,DO,original,200,0,0
1128411324902518786,Tue May 14 22:26:39 WEST 2019,DO,original,215,0,0
1128121193121419271,Tue May 14 03:13:46 WEST 2019,US,original,97,1,0
1128100241461456896,Tue May 14 01:50:31 WEST 2019,CL,original,203,1,0
1127676910169927680,Sun May 12 21:48:21 WEST 2019,VE,original,149,0,0
1125949378605211648,Wed May 08 03:23:45 WEST 2019,MX,original,128,0,1
1128500095211773952,Wed May 15 04:19:23 WEST 2019,PA,original,149,0,0
1128005083877269504,Mon May 13 19:32:23 WEST 2019,PA,original,160,0,0
1127970388145770496,Mon May 13 17:14:31 WEST 2019,PA,original,101,0,0
1127276071139700737,Sat May 11 19:15:33 WEST 2019,PA,original,108,0,0
1126942709263028232,Fri May 10 21:10:54 WEST 2019,PA,original,194,0,0
1126556574464475137,Thu May 09 19:36:32 WEST 2019,PA,original,105,0,0
1125824079649546240,Tue May 07 19:05:52 WEST 2019,PA,original,136,0,0
1128434481575223302,Tue May 14 23:58:40 WEST 2019,PE,original,279,1,0
1128640886043136001,Wed May 15 13:38:51 WEST 2019,MX,original,203,0,0
1125940525746544641,Wed May 08 02:48:34 WEST 2019,SV,original,59,0,0
1128742584610885633,Wed May 15 20:22:57 WEST 2019,NL,original,301,2,0
1128733654891544580,Wed May 15 19:47:28 WEST 2019,NL,original,223,4,0
1128699499239526400,Wed May 15 17:31:45 WEST 2019,KH,original,62,0,0
1128734730235473921,Wed May 15 19:51:45 WEST 2019,US,original,232,0,1
1128730546106925056,Wed May 15 19:35:07 WEST 2019,US,original,249,3,0
1128686707304542208,Wed May 15 16:40:55 WEST 2019,US,original,164,3,1
1128677304010338305,Wed May 15 16:03:33 WEST 2019,US,original,148,7,0
1128835333842460672,Thu May 16 02:31:30 WEST 2019,US,original,239,0,0
1128968067290157056,Thu May 16 11:18:57 WEST 2019,ZA,original,234,0,0
1128958275536523266,Thu May 16 10:40:02 WEST 2019,DE,original,300,3,0
1128796836553216003,Wed May 15 23:58:32 WEST 2019,US,original,121,5,2
1128461636665212929,Wed May 15 01:46:34 WEST 2019,MX,original,134,0,0
1127817806450503680,Mon May 13 07:08:13 WEST 2019,US,original,52,4,1
1127700722382929928,Sun May 12 23:22:58 WEST 2019,US,original,114,0,0
1126603309647843329,Thu May 09 22:42:14 WEST 2019,IT,original,212,0,0
1126441895876530176,Thu May 09 12:00:50 WEST 2019,EE,original,125,1,0
1128692797714911233,Wed May 15 17:05:07 WEST 2019,US,original,238,1,0
1128614948937129984,Wed May 15 11:55:47 WEST 2019,US,original,296,5,0
1128607914535587840,Wed May 15 11:27:50 WEST 2019,US,original,60,3,0
1128370948137086976,Tue May 14 19:46:12 WEST 2019,MY,original,144,0,0
1128245628574797824,Tue May 14 11:28:14 WEST 2019,ES,original,80,0,0
1128197400001167360,Tue May 14 08:16:35 WEST 2019,GB,original,57,4,2
1128190360268701696,Tue May 14 07:48:37 WEST 2019,PH,original,120,0,0
1128417077583405058,Tue May 14 22:49:30 WEST 2019,US,original,240,0,0
1127593695031758848,Sun May 12 16:17:41 WEST 2019,US,original,207,156,16
1127561710188023809,Sun May 12 14:10:35 WEST 2019,US,original,56,0,0
1126971120475877376,Fri May 10 23:03:47 WEST 2019,GB,original,239,2,0
1126334034471268352,Thu May 09 04:52:14 WEST 2019,US,original,242,1,0
1125867105809850369,Tue May 07 21:56:50 WEST 2019,GB,original,19,8,0
1128362456676483072,Tue May 14 19:12:28 WEST 2019,US,original,212,31,5
1127928779425353728,Mon May 13 14:29:11 WEST 2019,US,original,43,1,0
1125948893005402114,Wed May 08 03:21:49 WEST 2019,CA,original,133,2,0
1126164126915600385,Wed May 08 17:37:05 WEST 2019,US,original,251,13,0
1125784166556217347,Tue May 07 16:27:16 WEST 2019,US,original,30,0,0
1129004285671305216,Thu May 16 13:42:52 WEST 2019,IN,original,185,0,0
1128982723966701569,Thu May 16 12:17:11 WEST 2019,GB,original,230,0,0
1128976990491545600,Thu May 16 11:54:24 WEST 2019,IN,original,240,1,1
1128975717591658496,Thu May 16 11:49:21 WEST 2019,GB,original,70,0,0
1128956402674933760,Thu May 16 10:32:36 WEST 2019,CZ,original,153,0,0
1128953765980135424,Thu May 16 10:22:07 WEST 2019,TH,original,238,0,0
1128930521801793536,Thu May 16 08:49:45 WEST 2019,SG,original,239,1,0
1128921732583239680,Thu May 16 08:14:50 WEST 2019,CA,original,262,0,0
1128918971229593600,Thu May 16 08:03:51 WEST 2019,GB,original,239,1,0
1128902586562596864,Thu May 16 06:58:45 WEST 2019,NP,original,234,0,0
1128901446324314113,Thu May 16 06:54:13 WEST 2019,IN,original,218,5,3
1128878464319262720,Thu May 16 05:22:54 WEST 2019,IN,original,253,0,0
1128824129665282048,Thu May 16 01:46:59 WEST 2019,FR,original,241,0,0
1128638831417278464,Wed May 15 13:30:41 WEST 2019,US,original,302,0,0
1126140034510393346,Wed May 08 16:01:21 WEST 2019,US,original,279,0,2
1125777596850016257,Tue May 07 16:01:09 WEST 2019,US,original,288,0,1
1128990091446312960,Thu May 16 12:46:28 WEST 2019,IL,original,225,0,0
1128986266228408320,Thu May 16 12:31:16 WEST 2019,DE,original,242,1,1
1128964921318944768,Thu May 16 11:06:27 WEST 2019,NO,original,174,0,0
1128790245389078530,Wed May 15 23:32:21 WEST 2019,ES,original,252,1,0
1128766945698795520,Wed May 15 21:59:45 WEST 2019,US,original,128,0,0
1128702963336318978,Wed May 15 17:45:31 WEST 2019,US,original,270,1,0
1129011921594798081,Thu May 16 14:13:12 WEST 2019,GB,original,235,0,0
1128895132860854272,Thu May 16 06:29:08 WEST 2019,US,original,201,0,0
1128880384698212353,Thu May 16 05:30:31 WEST 2019,PH,original,83,0,0
1128823886978736131,Thu May 16 01:46:01 WEST 2019,US,original,303,0,0
1128770837060956165,Wed May 15 22:15:13 WEST 2019,US,original,169,0,0
1128752306298806272,Wed May 15 21:01:35 WEST 2019,ES,original,230,0,0
1128745146886053888,Wed May 15 20:33:08 WEST 2019,US,original,187,0,0
1128706889443889152,Wed May 15 18:01:07 WEST 2019,AE,original,164,2,2
1128673480134709248,Wed May 15 15:48:22 WEST 2019,US,original,179,0,0
1128558490622889984,Wed May 15 08:11:26 WEST 2019,IN,original,164,1,0
1128491197260075015,Wed May 15 03:44:02 WEST 2019,US,original,302,1,0
1128473872011972610,Wed May 15 02:35:11 WEST 2019,US,original,118,1,0
1128472399698067457,Wed May 15 02:29:20 WEST 2019,US,original,153,0,0
1128995916571205634,Thu May 16 13:09:36 WEST 2019,GB,original,157,0,0
1128987043441315840,Thu May 16 12:34:21 WEST 2019,GB,original,193,0,0
1128950060870332416,Thu May 16 10:07:24 WEST 2019,IN,original,219,0,0
1128712236980211712,Wed May 15 18:22:22 WEST 2019,GB,original,207,0,0
1128695533705539584,Wed May 15 17:16:00 WEST 2019,GB,original,102,0,0
1128986078109683712,Thu May 16 12:30:31 WEST 2019,IT,original,245,0,0
1128973248065134592,Thu May 16 11:39:32 WEST 2019,ES,original,274,0,0
1128917633540059136,Thu May 16 07:58:32 WEST 2019,IT,original,236,0,0
1128911301218951168,Thu May 16 07:33:23 WEST 2019,ES,original,241,0,0
1128845763805667332,Thu May 16 03:12:57 WEST 2019,BR,original,243,1,0
1128767638870605825,Wed May 15 22:02:31 WEST 2019,CO,original,447,0,0
1128760740687433728,Wed May 15 21:35:06 WEST 2019,ES,original,125,0,0
1128698991754002438,Wed May 15 17:29:44 WEST 2019,BR,original,240,0,0
1128660779169980416,Wed May 15 14:57:53 WEST 2019,CO,original,278,1,0
1129000963082260481,Thu May 16 13:29:40 WEST 2019,US,original,279,0,0
1128972741607133185,Thu May 16 11:37:31 WEST 2019,GB,original,238,0,0
1128933435609964545,Thu May 16 09:01:20 WEST 2019,GB,original,115,1,0
1128856021399691266,Thu May 16 03:53:43 WEST 2019,US,original,304,0,1
1128807089982169088,Thu May 16 00:39:17 WEST 2019,NG,original,126,0,0
1128743146534391812,Wed May 15 20:25:11 WEST 2019,FR,original,241,1,1
1128742731709161472,Wed May 15 20:23:32 WEST 2019,FR,original,238,1,1
1128742074201792512,Wed May 15 20:20:56 WEST 2019,FR,original,238,1,1
1128923879794184192,Thu May 16 08:23:21 WEST 2019,GB,original,326,0,0
1128855771939106816,Thu May 16 03:52:43 WEST 2019,US,original,68,0,0
1128572963769540608,Wed May 15 09:08:57 WEST 2019,IT,original,279,4,3
1128480931147161600,Wed May 15 03:03:14 WEST 2019,US,original,55,0,0
1128308899059310599,Tue May 14 15:39:39 WEST 2019,ES,original,299,1,1
1127991330133688320,Mon May 13 18:37:44 WEST 2019,ES,original,175,0,0
1129012212364972033,Thu May 16 14:14:22 WEST 2019,GB,original,262,0,0
1129007221818503169,Thu May 16 13:54:32 WEST 2019,MY,original,301,5,1
1128923662248218625,Thu May 16 08:22:30 WEST 2019,US,original,155,0,0
1128908192220680192,Thu May 16 07:21:01 WEST 2019,US,original,212,0,0
1128098581389430791,Tue May 14 01:43:55 WEST 2019,AR,original,286,7,1
1128000486420959232,Mon May 13 19:14:07 WEST 2019,NL,original,86,11,1
1127721315845255168,Mon May 13 00:44:48 WEST 2019,AR,original,289,10,12
1127422491469676544,Sun May 12 04:57:23 WEST 2019,US,original,79,0,0
1126930909578526722,Fri May 10 20:24:00 WEST 2019,AR,original,304,7,3
1126904384418471936,Fri May 10 18:38:36 WEST 2019,AR,original,111,4,0
1129011683995791362,Thu May 16 14:12:16 WEST 2019,FR,original,101,0,0
1128847191051722756,Thu May 16 03:18:37 WEST 2019,VN,original,269,0,0
1128683468752326656,Wed May 15 16:28:03 WEST 2019,CA,original,277,24,7
1128680246268579842,Wed May 15 16:15:15 WEST 2019,CA,original,143,0,0
1128470972149800960,Wed May 15 02:23:40 WEST 2019,VN,original,236,0,0
1129011006846455808,Thu May 16 14:09:34 WEST 2019,BR,original,211,0,0
1129010792433459200,Thu May 16 14:08:43 WEST 2019,IN,original,293,0,0
1129010725320626176,Thu May 16 14:08:27 WEST 2019,US,original,275,0,0
1129009851449991169,Thu May 16 14:04:59 WEST 2019,US,original,227,0,1
1128691165283389440,Wed May 15 16:58:38 WEST 2019,NG,original,78,1,0
1127423133495975937,Sun May 12 04:59:56 WEST 2019,IN,original,136,1,0
1126802049675382787,Fri May 10 11:51:58 WEST 2019,CN,original,224,10,1
1126587886906875905,Thu May 09 21:40:57 WEST 2019,GB,original,32,0,0
1126419668988780544,Thu May 09 10:32:31 WEST 2019,PK,original,65,0,0
1129010218652692480,Thu May 16 14:06:26 WEST 2019,GB,original,233,0,0
1128989567959404544,Thu May 16 12:44:23 WEST 2019,US,original,236,1,0
1128989567959404544,Thu May 16 12:44:23 WEST 2019,US,original,236,1,0
1128972306712342529,Thu May 16 11:35:47 WEST 2019,GB,original,229,0,0
1128968121933393920,Thu May 16 11:19:10 WEST 2019,TR,original,155,0,0
1128950623838380033,Thu May 16 10:09:38 WEST 2019,GB,original,80,1,0
1128870963767009280,Thu May 16 04:53:05 WEST 2019,US,original,294,24,8
1128968161095819264,Thu May 16 11:19:19 WEST 2019,GR,original,174,0,0
1128962323169906688,Thu May 16 10:56:07 WEST 2019,PH,original,95,0,0
1128920741557223424,Thu May 16 08:10:53 WEST 2019,ZA,original,135,10,1
1128853962067566592,Thu May 16 03:45:32 WEST 2019,CA,original,214,0,0
1128853655854211078,Thu May 16 03:44:19 WEST 2019,US,original,226,0,0
1128829186121060352,Thu May 16 02:07:05 WEST 2019,US,original,227,0,0
1128802361600872448,Thu May 16 00:20:29 WEST 2019,US,original,241,0,0
1128774170366611458,Wed May 15 22:28:28 WEST 2019,GB,original,190,0,0
1128723884105138178,Wed May 15 19:08:39 WEST 2019,ZA,original,218,20,3
1128707510825881601,Wed May 15 18:03:35 WEST 2019,FR,original,235,1,0
1128701927460626437,Wed May 15 17:41:24 WEST 2019,ZA,original,141,0,0
1128722574203076608,Wed May 15 19:03:26 WEST 2019,ES,original,129,2,2
1129000074791530496,Thu May 16 13:26:08 WEST 2019,NL,original,172,0,0
1128994017906188292,Thu May 16 13:02:04 WEST 2019,US,original,239,1,0
1129010488908627968,Thu May 16 14:07:31 WEST 2019,AR,original,231,0,0
1128985928276566016,Thu May 16 12:29:55 WEST 2019,ES,original,233,0,0
1128977774218305536,Thu May 16 11:57:31 WEST 2019,CI,original,76,1,0
1129012671989182464,Thu May 16 14:16:11 WEST 2019,IN,original,112,0,0
1129009204096884737,Thu May 16 14:02:24 WEST 2019,US,original,173,0,0
1129007830483316736,Thu May 16 13:56:57 WEST 2019,US,original,237,1,0
1126365791451078656,Thu May 09 06:58:26 WEST 2019,NL,original,214,24,6
1128945563821584384,Thu May 16 09:49:31 WEST 2019,KE,original,107,1,0
1128912289103470592,Thu May 16 07:37:18 WEST 2019,ID,original,290,0,0
1128898766604361728,Thu May 16 06:43:34 WEST 2019,ID,original,283,0,0
1128568062532362241,Wed May 15 08:49:28 WEST 2019,ID,original,280,0,0
1128561970007822341,Wed May 15 08:25:15 WEST 2019,ID,original,290,0,0
1128559375046496256,Wed May 15 08:14:57 WEST 2019,ID,original,290,2,0
1129012545992445954,Thu May 16 14:15:41 WEST 2019,US,original,293,1,1
1129009731392233473,Thu May 16 14:04:30 WEST 2019,US,original,118,0,0
1129002647581806593,Thu May 16 13:36:21 WEST 2019,US,original,128,0,0
1128997890863484935,Thu May 16 13:17:27 WEST 2019,US,original,207,0,0
1128913967991197696,Thu May 16 07:43:58 WEST 2019,ES,original,48,1,0
1129008833014194177,Thu May 16 14:00:56 WEST 2019,RO,original,237,1,0
1128970348660236288,Thu May 16 11:28:01 WEST 2019,ES,original,257,21,6
1128995956299579393,Thu May 16 13:09:46 WEST 2019,US,original,319,1,0
1128939413407322112,Thu May 16 09:25:05 WEST 2019,US,original,80,1,0
1128868428561887232,Thu May 16 04:43:01 WEST 2019,TH,original,136,2,0
1128827676909871104,Thu May 16 02:01:05 WEST 2019,US,original,182,4,0
1128782090470920192,Wed May 15 22:59:56 WEST 2019,GB,original,103,4,0
1128777791208599554,Wed May 15 22:42:51 WEST 2019,TR,original,239,0,0
1129012590770774016,Thu May 16 14:15:52 WEST 2019,US,original,215,0,0
1128993341310492672,Thu May 16 12:59:22 WEST 2019,FR,original,69,0,0
1128682457329483776,Wed May 15 16:24:02 WEST 2019,BE,original,241,1,0
1128620568150933504,Wed May 15 12:18:06 WEST 2019,BE,original,235,1,0
1128620301804347392,Wed May 15 12:17:03 WEST 2019,BE,original,238,1,0
1128544365536841729,Wed May 15 07:15:18 WEST 2019,BE,original,238,1,1
1128389413480873984,Tue May 14 20:59:35 WEST 2019,BE,original,237,1,0
1128333799572434944,Tue May 14 17:18:35 WEST 2019,US,original,127,5,0
1128323281331924992,Tue May 14 16:36:48 WEST 2019,BE,original,235,0,0
1128322850824294401,Tue May 14 16:35:05 WEST 2019,BE,original,237,0,0
1128294536935919617,Tue May 14 14:42:34 WEST 2019,US,original,53,3,0
1128286243807211521,Tue May 14 14:09:37 WEST 2019,FR,original,209,0,0
1128229593381572609,Tue May 14 10:24:31 WEST 2019,FR,original,299,3,0
1127610033607516160,Sun May 12 17:22:36 WEST 2019,FR,original,257,2,0
1128952333155655680,Thu May 16 10:16:25 WEST 2019,US,original,90,0,0
1128872282326261761,Thu May 16 04:58:20 WEST 2019,FR,original,152,0,1
1128862620461817867,Thu May 16 04:19:56 WEST 2019,US,original,238,0,0
1128698829799350272,Wed May 15 17:29:05 WEST 2019,GB,original,296,2,3
1128988914100953088,Thu May 16 12:41:47 WEST 2019,ZA,original,240,1,1
1128955893893206016,Thu May 16 10:30:34 WEST 2019,PL,original,128,0,0
1128731780654125056,Wed May 15 19:40:01 WEST 2019,US,original,32,0,0
1129012852373823488,Thu May 16 14:16:54 WEST 2019,ZA,original,179,0,0
1129011640018427905,Thu May 16 14:12:05 WEST 2019,NZ,original,168,0,0
1129010534265819136,Thu May 16 14:07:42 WEST 2019,TH,original,243,0,0
1129009804633104384,Thu May 16 14:04:48 WEST 2019,MX,original,236,0,0
1129007105346867200,Thu May 16 13:54:04 WEST 2019,ES,original,240,0,0
1129005793989337090,Thu May 16 13:48:51 WEST 2019,IE,original,195,0,0
1129005677790269440,Thu May 16 13:48:24 WEST 2019,EE,original,238,0,0
1129005350882037760,Thu May 16 13:47:06 WEST 2019,FR,original,125,0,0
1129004561874804736,Thu May 16 13:43:58 WEST 2019,AU,original,221,0,0
1129001374442762241,Thu May 16 13:31:18 WEST 2019,TR,original,87,0,0
1129000642121388033,Thu May 16 13:28:23 WEST 2019,IN,original,248,0,0
1128978276599263232,Thu May 16 11:59:31 WEST 2019,IN,original,197,1,0
1128694160716967942,Wed May 15 17:10:32 WEST 2019,US,original,181,0,0
1128567249978019840,Wed May 15 08:46:14 WEST 2019,IN,original,262,1,0
1128316506968866817,Tue May 14 16:09:53 WEST 2019,IN,original,208,1,1
1129011736403742720,Thu May 16 14:12:28 WEST 2019,US,original,231,0,0
1129003215998136322,Thu May 16 13:38:37 WEST 2019,VE,original,200,0,0
1128995717341564930,Thu May 16 13:08:49 WEST 2019,ES,original,224,0,0
1128955233697239040,Thu May 16 10:27:57 WEST 2019,TR,original,195,0,0
1129008638985682944,Thu May 16 14:00:10 WEST 2019,AT,original,139,0,1
1129006643700568065,Thu May 16 13:52:14 WEST 2019,IN,original,301,0,0
1127305365039632384,Sat May 11 21:11:58 WEST 2019,CA,original,240,1,1
1128916549857959936,Thu May 16 07:54:14 WEST 2019,FR,original,284,0,2
1128971164343328768,Thu May 16 11:31:15 WEST 2019,AE,original,235,0,0
1129069179452231685,Thu May 16 18:00:44 WEST 2019,US,original,131,17,4
1128386237474189312,Tue May 14 20:46:58 WEST 2019,BR,original,49,1,0
1128281772385546240,Tue May 14 13:51:51 WEST 2019,BR,original,91,0,0
1128192655949582337,Tue May 14 07:57:44 WEST 2019,NL,original,129,0,0
1128192620058931200,Tue May 14 07:57:36 WEST 2019,NL,original,129,0,0
1129210914442555394,Fri May 17 03:23:56 WEST 2019,US,original,46,0,0
1129190862985019393,Fri May 17 02:04:15 WEST 2019,CA,original,176,1,0
1129108761954607104,Thu May 16 20:38:01 WEST 2019,US,original,181,0,0
1128408722890321920,Tue May 14 22:16:19 WEST 2019,US,original,175,0,0
1128328439281229825,Tue May 14 16:57:17 WEST 2019,US,original,188,0,0
1127703504318083073,Sun May 12 23:34:01 WEST 2019,US,original,99,1,0
1127669328843722752,Sun May 12 21:18:13 WEST 2019,US,original,185,1,0
1127284244567302144,Sat May 11 19:48:02 WEST 2019,US,original,181,0,0
1127245147773603845,Sat May 11 17:12:41 WEST 2019,US,original,175,1,0
1126947762497392642,Fri May 10 21:30:58 WEST 2019,US,original,174,1,0
1126893678532780033,Fri May 10 17:56:04 WEST 2019,US,original,157,0,0
1126844519213699072,Fri May 10 14:40:43 WEST 2019,US,original,177,1,0
1126495265576210432,Thu May 09 15:32:55 WEST 2019,US,original,254,0,0
1126135582193635328,Wed May 08 15:43:40 WEST 2019,CA,original,198,2,1
1126114230984306688,Wed May 08 14:18:49 WEST 2019,US,original,167,0,0
1125847104205705217,Tue May 07 20:37:21 WEST 2019,US,original,134,0,0
1129362638385950720,Fri May 17 13:26:50 WEST 2019,GB,original,173,0,0
1129360095295528960,Fri May 17 13:16:43 WEST 2019,DE,original,233,0,0
1129358596083507200,Fri May 17 13:10:46 WEST 2019,GB,original,234,0,0
1129356377414094848,Fri May 17 13:01:57 WEST 2019,GB,original,187,0,0
1129353986119749633,Fri May 17 12:52:27 WEST 2019,ZA,original,234,0,0
1129352682064547842,Fri May 17 12:47:16 WEST 2019,AO,original,229,0,0
1129350016374628352,Fri May 17 12:36:40 WEST 2019,US,original,176,0,0
1129303299969232896,Fri May 17 09:31:02 WEST 2019,DE,original,226,0,0
1129288995513544705,Fri May 17 08:34:12 WEST 2019,IT,original,118,0,1
1129268365942513666,Fri May 17 07:12:13 WEST 2019,TJ,original,117,1,0
1129260240116080640,Fri May 17 06:39:56 WEST 2019,US,original,179,1,0
1129259945218719744,Fri May 17 06:38:46 WEST 2019,US,original,238,0,0
1129237067584671747,Fri May 17 05:07:51 WEST 2019,CA,original,240,0,0
1129334877579620352,Fri May 17 11:36:31 WEST 2019,ES,original,237,0,0
1129324605573746689,Fri May 17 10:55:42 WEST 2019,NL,original,241,0,0
1129280433491890177,Fri May 17 08:00:11 WEST 2019,AU,original,154,0,0
1129251399840067584,Fri May 17 06:04:48 WEST 2019,GT,original,166,1,0
1129168430920294400,Fri May 17 00:35:07 WEST 2019,US,original,126,0,0
1129153798293868549,Thu May 16 23:36:58 WEST 2019,AR,original,143,0,0
1129147545941434369,Thu May 16 23:12:08 WEST 2019,MX,original,171,0,0
1129072811677507584,Thu May 16 18:15:10 WEST 2019,US,original,255,2,1
1129071236447756290,Thu May 16 18:08:54 WEST 2019,IN,original,99,0,0
1129049597085720578,Thu May 16 16:42:55 WEST 2019,NG,original,229,0,0
1129041828278362114,Thu May 16 16:12:03 WEST 2019,US,original,304,0,0
1129019672718766082,Thu May 16 14:44:00 WEST 2019,JP,original,65,1,0
1129315110881828864,Fri May 17 10:17:58 WEST 2019,NG,original,72,2,1
1128660321189683200,Wed May 15 14:56:04 WEST 2019,MX,original,170,0,0
1128623897220403200,Wed May 15 12:31:20 WEST 2019,DE,original,28,0,0
1128443020792041472,Wed May 15 00:32:36 WEST 2019,US,original,203,1,1
1127100187883732997,Sat May 11 07:36:39 WEST 2019,MX,original,201,1,1
1126777363948285952,Fri May 10 10:13:52 WEST 2019,GB,original,303,1,0
1126504511676149761,Thu May 09 16:09:39 WEST 2019,SE,original,106,0,0
1126325956061343744,Thu May 09 04:20:08 WEST 2019,AR,original,214,1,1
1127778888610926592,Mon May 13 04:33:34 WEST 2019,AR,original,199,0,0
1127502108448645122,Sun May 12 10:13:45 WEST 2019,US,original,70,0,0
1127343492181532672,Sat May 11 23:43:28 WEST 2019,US,original,141,0,0
1126506894007209987,Thu May 09 16:19:07 WEST 2019,IN,original,174,0,0
1129359043175309313,Fri May 17 13:12:33 WEST 2019,HR,original,63,0,0
1129329452381614098,Fri May 17 11:14:58 WEST 2019,US,original,121,0,0
1129277079030239232,Fri May 17 07:46:51 WEST 2019,ES,original,194,0,0
1129207649185091584,Fri May 17 03:10:57 WEST 2019,MX,original,168,1,0
1129149709359177728,Thu May 16 23:20:43 WEST 2019,PE,original,137,3,0
1129085405922508801,Thu May 16 19:05:12 WEST 2019,AR,original,201,1,0
1129078471978823687,Thu May 16 18:37:39 WEST 2019,CA,original,191,0,0
1129029872804868096,Thu May 16 15:24:32 WEST 2019,ES,original,245,0,0
1128986170711597056,Thu May 16 12:30:53 WEST 2019,AR,original,111,1,0
1129362968175624192,Fri May 17 13:28:08 WEST 2019,US,original,240,0,0
1129362047412592646,Fri May 17 13:24:29 WEST 2019,IN,original,120,1,0
1129362036599787521,Fri May 17 13:24:26 WEST 2019,US,original,88,0,0
1129359497682509830,Fri May 17 13:14:21 WEST 2019,GB,original,70,0,0
1129358650634641410,Fri May 17 13:10:59 WEST 2019,US,original,219,1,0
1129358300129234944,Fri May 17 13:09:35 WEST 2019,VE,original,73,1,0
1129357939872075776,Fri May 17 13:08:09 WEST 2019,CA,original,99,0,1
1129357355773120512,Fri May 17 13:05:50 WEST 2019,HK,original,166,1,0
1128971534972985344,Thu May 16 11:32:43 WEST 2019,ES,original,217,1,0
1128762835432034305,Wed May 15 21:43:26 WEST 2019,ES,original,142,0,0
1128751083118125056,Wed May 15 20:56:44 WEST 2019,ES,original,230,12,1
1128433068212199425,Tue May 14 23:53:03 WEST 2019,ES,original,60,0,0
1127887235951616000,Mon May 13 11:44:06 WEST 2019,ES,original,203,4,0
1129338207357812736,Fri May 17 11:49:45 WEST 2019,ES,original,115,1,0
1128308899059310599,Tue May 14 15:39:39 WEST 2019,ES,original,299,1,1
1127991330133688320,Mon May 13 18:37:44 WEST 2019,ES,original,175,0,0
1128457966930333697,Wed May 15 01:31:59 WEST 2019,US,original,152,0,1
1128074883785732096,Tue May 14 00:09:45 WEST 2019,US,original,79,4,0
1126878807976230914,Fri May 10 16:56:58 WEST 2019,US,original,55,0,0
1129242693358383107,Fri May 17 05:30:13 WEST 2019,US,original,223,0,0
1129226509749817349,Fri May 17 04:25:54 WEST 2019,US,original,316,9,5
1129106639628460032,Thu May 16 20:29:35 WEST 2019,US,original,220,1,0
1129039410417344514,Thu May 16 16:02:26 WEST 2019,US,original,240,0,0
1128989069093089280,Thu May 16 12:42:24 WEST 2019,US,original,234,0,0
1129358972799131649,Fri May 17 13:12:16 WEST 2019,BR,original,129,0,0
1129345804752306177,Fri May 17 12:19:56 WEST 2019,MX,original,80,0,0
1129330213748400129,Fri May 17 11:17:59 WEST 2019,US,original,302,1,0
1129327617704960000,Fri May 17 11:07:40 WEST 2019,SE,original,157,4,0
1129324691137683456,Fri May 17 10:56:02 WEST 2019,ES,original,232,1,1
1129282392441720833,Fri May 17 08:07:58 WEST 2019,US,original,235,0,0
1129350253809946624,Fri May 17 12:37:37 WEST 2019,ES,original,234,0,0
1129303665666347008,Fri May 17 09:32:29 WEST 2019,ES,original,276,0,0
1129299253191483392,Fri May 17 09:14:57 WEST 2019,ES,original,267,0,0
1129277376310009856,Fri May 17 07:48:02 WEST 2019,BR,original,45,0,0
1129239331422449664,Fri May 17 05:16:51 WEST 2019,JP,original,139,0,0
1129220696398356481,Fri May 17 04:02:48 WEST 2019,US,original,84,0,0
1129128985084989442,Thu May 16 21:58:22 WEST 2019,GB,original,142,1,0
1129337686660009984,Fri May 17 11:47:41 WEST 2019,US,original,100,0,0
1129334574222385152,Fri May 17 11:35:19 WEST 2019,GB,original,211,1,0
1129327806834307072,Fri May 17 11:08:25 WEST 2019,IN,original,82,0,0
1129317504088776704,Fri May 17 10:27:29 WEST 2019,NG,original,226,3,2
1129293015049265152,Fri May 17 08:50:10 WEST 2019,ES,original,248,8,6
1129180184161210368,Fri May 17 01:21:49 WEST 2019,AR,original,94,0,0
1129095533245521920,Thu May 16 19:45:27 WEST 2019,MX,original,72,1,0
1129357943760011264,Fri May 17 13:08:10 WEST 2019,US,original,112,0,0
1129356966982144001,Fri May 17 13:04:18 WEST 2019,US,original,145,0,0
1129355027951177728,Fri May 17 12:56:35 WEST 2019,US,original,158,0,0
1129350951586844672,Fri May 17 12:40:23 WEST 2019,IN,original,127,0,0
1129330736874397699,Fri May 17 11:20:04 WEST 2019,IN,original,136,0,0
1129310220981661696,Fri May 17 09:58:32 WEST 2019,GB,original,139,0,0
1129305101514956800,Fri May 17 09:38:12 WEST 2019,US,original,233,0,0
1129297560164691968,Fri May 17 09:08:14 WEST 2019,IN,original,236,0,0
1129292898241933312,Fri May 17 08:49:42 WEST 2019,IN,original,177,0,0
1129362280162795521,Fri May 17 13:25:24 WEST 2019,FR,original,249,3,1
1129359022057041921,Fri May 17 13:12:27 WEST 2019,DE,original,293,1,0
1129335133524373505,Fri May 17 11:37:32 WEST 2019,ES,original,243,0,0
1129330087030140928,Fri May 17 11:17:29 WEST 2019,PL,original,293,0,2
1129302741849968640,Fri May 17 09:28:49 WEST 2019,DE,original,180,0,0
1129228011029577729,Fri May 17 04:31:52 WEST 2019,US,original,241,0,0
1129099186425815041,Thu May 16 19:59:58 WEST 2019,CA,original,116,18,3
1129346285029515270,Fri May 17 12:21:51 WEST 2019,DE,original,193,0,0
1129345914865369089,Fri May 17 12:20:22 WEST 2019,DE,original,151,0,0
1129322200769748992,Fri May 17 10:46:09 WEST 2019,IE,original,259,7,3
1129318456569077760,Fri May 17 10:31:16 WEST 2019,DE,original,246,2,1
1129125385294221323,Thu May 16 21:44:04 WEST 2019,US,original,137,0,0
1129096475236081669,Thu May 16 19:49:11 WEST 2019,AE,original,157,7,3
1129360381850337281,Fri May 17 13:17:52 WEST 2019,UA,original,252,7,0
1128701786817224704,Wed May 15 17:40:50 WEST 2019,CH,original,164,0,0
1128674242076266496,Wed May 15 15:51:23 WEST 2019,GB,original,150,0,0
1129101252464336896,Thu May 16 20:08:10 WEST 2019,US,original,142,0,0
1129297824699469824,Fri May 17 09:09:17 WEST 2019,NL,original,129,0,0
1129297706386636801,Fri May 17 09:08:49 WEST 2019,AT,original,234,0,0
1129284979572269056,Fri May 17 08:18:14 WEST 2019,FI,original,215,0,0
1129214691719471105,Fri May 17 03:38:56 WEST 2019,BR,original,180,1,0
1129201775645532160,Fri May 17 02:47:37 WEST 2019,US,original,63,1,0
1129363214708486144,Fri May 17 13:29:07 WEST 2019,US,original,228,0,0
1129361393340170240,Fri May 17 13:21:53 WEST 2019,US,original,228,0,0
1129354973945319424,Fri May 17 12:56:22 WEST 2019,US,original,234,1,1
1129352219822702592,Fri May 17 12:45:26 WEST 2019,MX,original,241,0,0
1129351771585822720,Fri May 17 12:43:39 WEST 2019,BR,original,198,0,0
1129351643609358340,Fri May 17 12:43:08 WEST 2019,BR,original,224,0,0
1129351161889341441,Fri May 17 12:41:13 WEST 2019,US,original,236,0,0
1129347530918113283,Fri May 17 12:26:48 WEST 2019,EC,original,239,0,0
1129346627842367488,Fri May 17 12:23:12 WEST 2019,MX,original,103,0,0
1129346242687881216,Fri May 17 12:21:41 WEST 2019,US,original,202,0,0
1129345487352549377,Fri May 17 12:18:41 WEST 2019,BE,original,24,0,0
1129344263509037056,Fri May 17 12:13:49 WEST 2019,US,original,301,3,3
1129343514054053888,Fri May 17 12:10:50 WEST 2019,PH,original,63,4,0
1129340092076584960,Fri May 17 11:57:14 WEST 2019,US,original,79,0,0
1129331865217896449,Fri May 17 11:24:33 WEST 2019,US,original,235,0,1
1129329695315701760,Fri May 17 11:15:55 WEST 2019,GB,original,259,4,1
1129324093667401728,Fri May 17 10:53:40 WEST 2019,IN,original,206,0,0
1129323379058782209,Fri May 17 10:50:50 WEST 2019,ES,original,200,0,0
1129319960579321856,Fri May 17 10:37:15 WEST 2019,GB,original,239,0,0
1129297738414247936,Fri May 17 09:08:56 WEST 2019,US,original,233,1,1
1129363214708486144,Fri May 17 13:29:07 WEST 2019,US,original,228,0,0
1129361393340170240,Fri May 17 13:21:53 WEST 2019,US,original,228,0,0
1129354973945319424,Fri May 17 12:56:22 WEST 2019,US,original,234,1,1
1129352219822702592,Fri May 17 12:45:26 WEST 2019,MX,original,241,0,0
1129351771585822720,Fri May 17 12:43:39 WEST 2019,BR,original,198,0,0
1129351643609358340,Fri May 17 12:43:08 WEST 2019,BR,original,224,0,0
1129351161889341441,Fri May 17 12:41:13 WEST 2019,US,original,236,0,0
1129347530918113283,Fri May 17 12:26:48 WEST 2019,EC,original,239,0,0
1129346627842367488,Fri May 17 12:23:12 WEST 2019,MX,original,103,0,0
1129346242687881216,Fri May 17 12:21:41 WEST 2019,US,original,202,0,0
1129345487352549377,Fri May 17 12:18:41 WEST 2019,BE,original,24,0,0
1129344263509037056,Fri May 17 12:13:49 WEST 2019,US,original,301,3,3
1129343514054053888,Fri May 17 12:10:50 WEST 2019,PH,original,63,4,0
1129340092076584960,Fri May 17 11:57:14 WEST 2019,US,original,79,0,0
1129331865217896449,Fri May 17 11:24:33 WEST 2019,US,original,235,0,1
1129329695315701760,Fri May 17 11:15:55 WEST 2019,GB,original,259,4,1
1129324093667401728,Fri May 17 10:53:40 WEST 2019,IN,original,206,0,0
1129323379058782209,Fri May 17 10:50:50 WEST 2019,ES,original,200,0,0
1129319960579321856,Fri May 17 10:37:15 WEST 2019,GB,original,239,0,0
1129297738414247936,Fri May 17 09:08:56 WEST 2019,US,original,233,1,1
1129042629151330307,Thu May 16 16:15:14 WEST 2019,US,original,237,0,1
1129039737413689348,Thu May 16 16:03:44 WEST 2019,BR,original,236,1,0
1129027994578825217,Thu May 16 15:17:04 WEST 2019,US,original,239,2,0
1128951849955078144,Thu May 16 10:14:30 WEST 2019,PT,original,236,1,0
1128689648954425345,Wed May 15 16:52:37 WEST 2019,PE,original,216,0,0
1128586309247938560,Wed May 15 10:01:58 WEST 2019,PT,original,214,0,0
1128229347985244160,Tue May 14 10:23:32 WEST 2019,PT,original,214,0,0
1128149347349061632,Tue May 14 05:05:39 WEST 2019,BR,original,213,0,0
1128106487019032576,Tue May 14 02:15:20 WEST 2019,BR,original,197,0,0
1128104974544719872,Tue May 14 02:09:19 WEST 2019,BR,original,200,1,0
1127886060778864641,Mon May 13 11:39:26 WEST 2019,PT,original,214,0,0
1127643056658739200,Sun May 12 19:33:49 WEST 2019,PT,original,210,0,0
1127573433527590912,Sun May 12 14:57:10 WEST 2019,BR,original,207,0,0
1127514136101834752,Sun May 12 11:01:32 WEST 2019,PT,original,214,1,0
1129210882574229504,Fri May 17 03:23:48 WEST 2019,CA,original,19,0,0
1129207050939113472,Fri May 17 03:08:35 WEST 2019,US,original,174,2,0
1129189524633006082,Fri May 17 01:58:56 WEST 2019,US,original,232,0,0
1129182305086509062,Fri May 17 01:30:15 WEST 2019,US,original,226,0,0
1129145940642676736,Thu May 16 23:05:45 WEST 2019,US,original,236,0,0
1129136096921640960,Thu May 16 22:26:38 WEST 2019,US,original,232,0,0
1129303925897613312,Fri May 17 09:33:32 WEST 2019,FR,original,235,1,0
1129255538259365889,Fri May 17 06:21:15 WEST 2019,ZA,original,46,0,0
1129142285692735491,Thu May 16 22:51:14 WEST 2019,DO,original,303,0,0
1129120317052510208,Thu May 16 21:23:56 WEST 2019,US,original,300,0,0
1128758078629744641,Wed May 15 21:24:31 WEST 2019,DE,original,223,0,0
1128637072443617283,Wed May 15 13:23:41 WEST 2019,DE,original,200,3,0
1128472454257565697,Wed May 15 02:29:33 WEST 2019,BR,original,177,0,0
1128415018133983234,Tue May 14 22:41:19 WEST 2019,BR,original,183,0,0
1129328710539255808,Fri May 17 11:12:01 WEST 2019,EG,original,242,0,0
1129312738063339520,Fri May 17 10:08:33 WEST 2019,ES,original,231,0,0
1129282746533105664,Fri May 17 08:09:22 WEST 2019,ID,original,292,3,0
1129210314224914433,Fri May 17 03:21:33 WEST 2019,AU,original,249,7,3
1129158701061853184,Thu May 16 23:56:27 WEST 2019,,original,245,0,0
1129361502576812032,Fri May 17 13:22:19 WEST 2019,CL,original,238,0,0
1129364400979304449,Fri May 17 13:33:50 WEST 2019,US,original,152,0,0
1129363552165253121,Fri May 17 13:30:28 WEST 2019,JP,original,36,0,0
1129363363551535106,Fri May 17 13:29:43 WEST 2019,JP,original,14,0,0
1129352657087262721,Fri May 17 12:47:10 WEST 2019,US,original,135,0,0
1129296825708666880,Fri May 17 09:05:19 WEST 2019,US,original,215,0,0
1129259646139686912,Fri May 17 06:37:34 WEST 2019,NG,original,92,0,0
1129214545967370241,Fri May 17 03:38:22 WEST 2019,US,original,235,1,0
1129154782822903810,Thu May 16 23:40:53 WEST 2019,US,original,299,0,0
1129149180449046534,Thu May 16 23:18:37 WEST 2019,US,original,240,2,0
1129099625879789568,Thu May 16 20:01:43 WEST 2019,US,original,34,4,0
1129217745889841152,Fri May 17 03:51:05 WEST 2019,FR,original,223,0,0
1129216456934219776,Fri May 17 03:45:57 WEST 2019,TH,original,197,0,0
1129214545967370241,Fri May 17 03:38:22 WEST 2019,US,original,235,1,0
1129194897653805056,Fri May 17 02:20:17 WEST 2019,GB,original,120,0,0
1129363398142173185,Fri May 17 13:29:51 WEST 2019,GB,original,234,0,0
1129359842559299590,Fri May 17 13:15:43 WEST 2019,US,original,182,1,0
1129353264519106561,Fri May 17 12:49:35 WEST 2019,SI,original,229,0,0
1129341842422738945,Fri May 17 12:04:12 WEST 2019,IQ,original,228,0,0
1129337204340383744,Fri May 17 11:45:46 WEST 2019,PT,original,243,0,0
1129330380366942208,Fri May 17 11:18:39 WEST 2019,DE,original,241,0,0
1129330355394220033,Fri May 17 11:18:33 WEST 2019,SE,original,237,0,0
1129214545967370241,Fri May 17 03:38:22 WEST 2019,US,original,235,1,0
1129150139644276736,Thu May 16 23:22:26 WEST 2019,BR,original,192,0,0
1129091468277293056,Thu May 16 19:29:18 WEST 2019,US,original,108,0,0
1129004125499248646,Thu May 16 13:42:14 WEST 2019,IN,original,61,2,1
1129357628298137600,Fri May 17 13:06:55 WEST 2019,US,original,151,0,0
1129334863713193984,Fri May 17 11:36:28 WEST 2019,GB,original,211,0,0
1129334613229342720,Fri May 17 11:35:28 WEST 2019,GB,original,211,0,0
1129334340951920641,Fri May 17 11:34:23 WEST 2019,GB,original,211,0,0
1129214545967370241,Fri May 17 03:38:22 WEST 2019,US,original,235,1,0
1129124631707832321,Thu May 16 21:41:04 WEST 2019,US,original,245,1,0
1129124127741284353,Thu May 16 21:39:04 WEST 2019,MX,original,228,0,0
1129096605552992257,Thu May 16 19:49:43 WEST 2019,US,original,216,0,0
1128965597629489154,Thu May 16 11:09:08 WEST 2019,ID,original,128,0,0
1128876567072059393,Thu May 16 05:15:21 WEST 2019,ES,original,265,1,0
1128795204893454336,Wed May 15 23:52:03 WEST 2019,US,original,84,0,0
1129275153194446848,Fri May 17 07:39:12 WEST 2019,IN,original,265,0,0
1129229606458929155,Fri May 17 04:38:12 WEST 2019,CO,original,53,0,0
1128956560347193345,Thu May 16 10:33:13 WEST 2019,US,original,280,0,0
1129356132991029248,Fri May 17 13:00:59 WEST 2019,BD,original,227,0,0
1129355590352789504,Fri May 17 12:58:49 WEST 2019,BD,original,236,0,0
1129345997660930049,Fri May 17 12:20:42 WEST 2019,CL,original,240,0,0
1129212994053795840,Fri May 17 03:32:12 WEST 2019,US,original,42,0,0
1128969408808984576,Thu May 16 11:24:16 WEST 2019,MX,original,192,2,0
1129364286978109440,Fri May 17 13:33:23 WEST 2019,US,original,130,0,0
1129330287899480064,Fri May 17 11:18:17 WEST 2019,US,original,60,0,0
1129302614804455424,Fri May 17 09:28:19 WEST 2019,GB,original,304,0,0
1129270768779583488,Fri May 17 07:21:46 WEST 2019,ZA,original,114,0,0
1129353673472188417,Fri May 17 12:51:12 WEST 2019,US,original,235,0,0
1129319173484666880,Fri May 17 10:34:07 WEST 2019,CA,original,151,0,0
1129271696349900801,Fri May 17 07:25:27 WEST 2019,US,original,238,0,0
1129270768779583488,Fri May 17 07:21:46 WEST 2019,ZA,original,114,0,0
1129242896698368000,Fri May 17 05:31:01 WEST 2019,US,original,207,0,0
1129242046051639297,Fri May 17 05:27:38 WEST 2019,US,original,207,0,0
1129240869389897729,Fri May 17 05:22:58 WEST 2019,US,original,207,0,0
1129224456797339648,Fri May 17 04:17:45 WEST 2019,US,original,235,0,0
1129223661590855680,Fri May 17 04:14:35 WEST 2019,US,original,229,0,0
1129135017156841472,Thu May 16 22:22:21 WEST 2019,NL,original,195,0,0
1129355835384225792,Fri May 17 12:59:48 WEST 2019,TR,original,92,0,0
1129326299137400832,Fri May 17 11:02:26 WEST 2019,MC,original,302,5,0
1129298772650074112,Fri May 17 09:13:03 WEST 2019,JP,original,137,0,0
1129282934102355968,Fri May 17 08:10:07 WEST 2019,JP,original,156,0,0
1129266500437778432,Fri May 17 07:04:49 WEST 2019,PK,original,239,0,0
1129348008959664128,Fri May 17 12:28:42 WEST 2019,US,original,120,0,0
1128163704497934336,Tue May 14 06:02:42 WEST 2019,BR,original,170,0,0
1128139370475794438,Tue May 14 04:26:00 WEST 2019,BR,original,97,1,0
1127290830715334659,Sat May 11 20:14:12 WEST 2019,BR,original,163,4,1
1126808958126182401,Fri May 10 12:19:25 WEST 2019,BR,original,197,8,6
1125955980049518592,Wed May 08 03:49:59 WEST 2019,US,original,194,10,2
1125919185240936449,Wed May 08 01:23:46 WEST 2019,US,original,191,8,4
1129354266689228800,Fri May 17 12:53:34 WEST 2019,IT,original,235,0,0
1129324856842100736,Fri May 17 10:56:42 WEST 2019,IT,original,304,3,1
1129124127120527362,Thu May 16 21:39:04 WEST 2019,US,original,122,0,0
1129133743564836864,Thu May 16 22:17:17 WEST 2019,CL,original,212,1,1
1128987969040322560,Thu May 16 12:38:02 WEST 2019,ES,original,261,1,0
1128968111871414272,Thu May 16 11:19:07 WEST 2019,ES,original,215,0,0
1128864545878024192,Thu May 16 04:27:35 WEST 2019,JP,original,137,2,0
1128651843679203329,Wed May 15 14:22:23 WEST 2019,AR,original,252,14,8
1129248450346983424,Fri May 17 05:53:05 WEST 2019,KR,original,201,0,0
1129208370831998978,Fri May 17 03:13:49 WEST 2019,US,original,132,0,1
1129121332912893953,Thu May 16 21:27:58 WEST 2019,MX,original,186,1,0
1129076076137865216,Thu May 16 18:28:08 WEST 2019,US,original,97,0,0
1129336482597023744,Fri May 17 11:42:54 WEST 2019,JP,original,100,0,0
1129335689932410880,Fri May 17 11:39:45 WEST 2019,CR,original,156,0,0
1129319116299329537,Fri May 17 10:33:53 WEST 2019,JP,original,29,0,0
1129364367441633282,Fri May 17 13:33:42 WEST 2019,DE,original,109,0,0
1129359936000090112,Fri May 17 13:16:05 WEST 2019,DE,original,96,0,0
1129359086267588608,Fri May 17 13:12:43 WEST 2019,DE,original,108,0,0
1129357319173791745,Fri May 17 13:05:41 WEST 2019,DE,original,112,0,0
1129351280328093696,Fri May 17 12:41:42 WEST 2019,DE,original,117,0,0
1129346397961109504,Fri May 17 12:22:18 WEST 2019,DE,original,105,0,0
1129345591186731008,Fri May 17 12:19:05 WEST 2019,DE,original,107,0,0
1129343979265429504,Fri May 17 12:12:41 WEST 2019,DE,original,154,1,1
1129338171437780992,Fri May 17 11:49:36 WEST 2019,DE,original,123,0,0
1129336532102459392,Fri May 17 11:43:05 WEST 2019,DE,original,110,0,0
1129335552556380163,Fri May 17 11:39:12 WEST 2019,DE,original,112,0,0
1129334794301648897,Fri May 17 11:36:11 WEST 2019,DE,original,118,0,0
1129333873882664960,Fri May 17 11:32:32 WEST 2019,DE,original,117,0,0
1129330466757255169,Fri May 17 11:18:59 WEST 2019,DE,original,89,1,1
1129329393090932737,Fri May 17 11:14:43 WEST 2019,DE,original,111,0,0
1129322921749618689,Fri May 17 10:49:01 WEST 2019,DE,original,121,0,0
1129320966260219905,Fri May 17 10:41:14 WEST 2019,DE,original,163,1,1
1129320124211716097,Fri May 17 10:37:54 WEST 2019,DE,original,101,0,0
1129319160121614336,Fri May 17 10:34:04 WEST 2019,DE,original,144,0,0
1129313902209249282,Fri May 17 10:13:10 WEST 2019,DE,original,113,0,0
1129312341429030912,Fri May 17 10:06:58 WEST 2019,DE,original,144,0,0
1129311593664262144,Fri May 17 10:04:00 WEST 2019,DE,original,109,0,0
1129307915284881408,Fri May 17 09:49:23 WEST 2019,DE,original,118,0,0
1129306786144690176,Fri May 17 09:44:53 WEST 2019,DE,original,101,0,0
1129305057059594241,Fri May 17 09:38:01 WEST 2019,DE,original,118,0,0
1129300650377060352,Fri May 17 09:20:31 WEST 2019,DE,original,104,0,0
1129299127601381378,Fri May 17 09:14:28 WEST 2019,DE,original,98,0,0
1129298362086432768,Fri May 17 09:11:25 WEST 2019,DE,original,99,0,0
1129297492825321473,Fri May 17 09:07:58 WEST 2019,DE,original,142,0,0
1129291279475646464,Fri May 17 08:43:16 WEST 2019,DE,original,170,1,1
1129290500773699584,Fri May 17 08:40:11 WEST 2019,DE,original,95,0,0
1129289555746664448,Fri May 17 08:36:25 WEST 2019,DE,original,104,0,0
1129288817775656961,Fri May 17 08:33:29 WEST 2019,DE,original,114,1,0
1129285843972235264,Fri May 17 08:21:40 WEST 2019,DE,original,118,0,0
1129284962153324544,Fri May 17 08:18:10 WEST 2019,DE,original,136,0,0
1129284254876209152,Fri May 17 08:15:22 WEST 2019,DE,original,135,0,0
1129283283521552384,Fri May 17 08:11:30 WEST 2019,DE,original,103,0,0
1129282644871720960,Fri May 17 08:08:58 WEST 2019,DE,original,111,0,0
1129281951683227648,Fri May 17 08:06:12 WEST 2019,DE,original,102,0,0
1129277699862745090,Fri May 17 07:49:19 WEST 2019,DE,original,94,0,0
1129275924237705218,Fri May 17 07:42:15 WEST 2019,DE,original,102,0,0
1129269727640072192,Fri May 17 07:17:38 WEST 2019,DE,original,106,0,0
1129266659875860480,Fri May 17 07:05:27 WEST 2019,DE,original,103,0,0
1129262795042840577,Fri May 17 06:50:05 WEST 2019,DE,original,107,0,0
1129261306387869697,Fri May 17 06:44:10 WEST 2019,DE,original,120,0,0
1129259962318884864,Fri May 17 06:38:50 WEST 2019,DE,original,107,0,0
1129258963374157826,Fri May 17 06:34:52 WEST 2019,DE,original,136,0,0
1129255253340282881,Fri May 17 06:20:07 WEST 2019,DE,original,114,0,0
1129253967421214720,Fri May 17 06:15:01 WEST 2019,DE,original,136,0,0
1129252417130958848,Fri May 17 06:08:51 WEST 2019,DE,original,109,0,0
1129251629927215104,Fri May 17 06:05:43 WEST 2019,DE,original,151,0,0
1129353600793235458,Fri May 17 12:50:55 WEST 2019,IT,original,104,1,0
1125844761179512832,Tue May 07 20:28:02 WEST 2019,GB,original,252,1,0
1128925572581736448,Thu May 16 08:30:05 WEST 2019,GB,original,521,0,0
1128922350232244224,Thu May 16 08:17:17 WEST 2019,GB,original,600,1,0
1127591189006376960,Sun May 12 16:07:43 WEST 2019,IT,original,204,1,0
1127470991532126209,Sun May 12 08:10:06 WEST 2019,IN,original,283,0,0
1127416640679940097,Sun May 12 04:34:08 WEST 2019,HT,original,144,4,0
1129194886161424384,Fri May 17 02:20:14 WEST 2019,US,original,28,1,0
1129352436416516097,Fri May 17 12:46:17 WEST 2019,ID,original,302,1,0
1129352257080717313,Fri May 17 12:45:35 WEST 2019,ID,original,302,1,0
1129352073202491392,Fri May 17 12:44:51 WEST 2019,ID,original,302,1,0
1129351682825940993,Fri May 17 12:43:18 WEST 2019,ID,original,302,1,0
1129347668147261440,Fri May 17 12:27:21 WEST 2019,ID,original,299,0,0
1129353458140831744,Fri May 17 12:50:21 WEST 2019,IN,original,58,0,0
1129348647336833024,Fri May 17 12:31:14 WEST 2019,IN,original,103,2,0
1129365276649316352,Fri May 17 13:37:19 WEST 2019,US,original,67,0,0
1129347277871505408,Fri May 17 12:25:47 WEST 2019,CO,original,231,0,0
1129345174101012480,Fri May 17 12:17:26 WEST 2019,ES,original,240,0,0
1129344742251220994,Fri May 17 12:15:43 WEST 2019,AR,original,202,0,0
1129363920723095552,Fri May 17 13:31:55 WEST 2019,JP,original,212,0,0
1129361828402929664,Fri May 17 13:23:37 WEST 2019,US,original,151,0,0
1129356688526585856,Fri May 17 13:03:11 WEST 2019,TH,original,235,0,0
1128705218185760769,Wed May 15 17:54:29 WEST 2019,US,original,292,0,0
1129283524970844162,Fri May 17 08:12:28 WEST 2019,PL,original,120,0,0
1129184653234135040,Fri May 17 01:39:35 WEST 2019,US,original,249,0,0
1129168132801728514,Fri May 17 00:33:56 WEST 2019,AU,original,238,0,0
1129156902288547841,Thu May 16 23:49:18 WEST 2019,US,original,63,1,0
1129144619697094656,Thu May 16 23:00:30 WEST 2019,GB,original,291,1,0
1129140567663890438,Thu May 16 22:44:24 WEST 2019,GB,original,238,0,0
1129009352487198720,Thu May 16 14:03:00 WEST 2019,IT,original,227,0,0
1128941806203351040,Thu May 16 09:34:35 WEST 2019,FR,original,151,0,0
1128941543698702336,Thu May 16 09:33:33 WEST 2019,FR,original,151,0,0
1128940679781076993,Thu May 16 09:30:07 WEST 2019,FR,original,133,0,0
1128940541012529152,Thu May 16 09:29:34 WEST 2019,FR,original,133,0,0
1128940451598409728,Thu May 16 09:29:13 WEST 2019,FR,original,133,1,0
1128745357850976256,Wed May 15 20:33:59 WEST 2019,GB,original,229,0,0
1128591184304197632,Wed May 15 10:21:21 WEST 2019,GB,original,268,0,1
1128271440946581506,Tue May 14 13:10:48 WEST 2019,US,original,172,0,0
1128235043581779968,Tue May 14 10:46:10 WEST 2019,GB,original,144,0,0
1128095790604460032,Tue May 14 01:32:50 WEST 2019,JP,original,154,0,0
1128095757054070786,Tue May 14 01:32:42 WEST 2019,JP,original,154,0,0
1128095506532425729,Tue May 14 01:31:42 WEST 2019,JP,original,154,0,0
1129363629852307457,Fri May 17 13:30:46 WEST 2019,US,original,170,0,0
1129360324606472192,Fri May 17 13:17:38 WEST 2019,GB,original,155,0,0
1129341530949476352,Fri May 17 12:02:57 WEST 2019,GB,original,303,1,0
1129291605058437121,Fri May 17 08:44:34 WEST 2019,GB,original,301,0,0
1128413972275662848,Tue May 14 22:37:10 WEST 2019,US,original,202,0,0
1128411575738564612,Tue May 14 22:27:39 WEST 2019,US,original,176,0,0
1128296111863685121,Tue May 14 14:48:50 WEST 2019,BE,original,274,1,0
1127679038951051264,Sun May 12 21:56:48 WEST 2019,GB,original,242,1,0
1126944798357762048,Fri May 10 21:19:12 WEST 2019,PK,original,199,0,0
1129348584002863104,Fri May 17 12:30:59 WEST 2019,US,original,231,0,0
1129170259653607424,Fri May 17 00:42:23 WEST 2019,GB,original,164,0,0
1129038299161649154,Thu May 16 15:58:01 WEST 2019,GB,original,168,1,0
1128866308613955585,Thu May 16 04:34:35 WEST 2019,US,original,177,5,1
1129272691742130177,Fri May 17 07:29:25 WEST 2019,US,original,251,0,0
1129187303753158656,Fri May 17 01:50:07 WEST 2019,US,original,239,0,0
1129185038455726081,Fri May 17 01:41:07 WEST 2019,US,original,123,0,0
1129150917415186432,Thu May 16 23:25:31 WEST 2019,US,original,113,0,0
1129116318261817346,Thu May 16 21:08:02 WEST 2019,US,original,120,0,0
1129082786919243778,Thu May 16 18:54:48 WEST 2019,US,original,75,0,0
1129036293793624064,Thu May 16 15:50:03 WEST 2019,CO,original,200,0,0
1128790394886610946,Wed May 15 23:32:56 WEST 2019,CO,original,233,0,0
1128985759598481408,Thu May 16 12:29:15 WEST 2019,LV,original,170,0,0
1128619297780137986,Wed May 15 12:13:03 WEST 2019,LV,original,128,0,0
1128600902594695168,Wed May 15 10:59:58 WEST 2019,LV,original,145,1,0
1128596660844728320,Wed May 15 10:43:06 WEST 2019,LV,original,109,1,0
1128589229993410565,Wed May 15 10:13:35 WEST 2019,LV,original,158,1,1
1128575018441617408,Wed May 15 09:17:06 WEST 2019,LV,original,127,0,0
1129183039773433860,Fri May 17 01:33:10 WEST 2019,US,original,237,0,1
1129176429290315776,Fri May 17 01:06:54 WEST 2019,US,original,237,0,0
1128839978149142528,Thu May 16 02:49:58 WEST 2019,GB,original,187,1,0
1129070995707486209,Thu May 16 18:07:57 WEST 2019,AR,original,225,1,1
1128846986474659842,Thu May 16 03:17:49 WEST 2019,EC,original,30,0,0
1128168844554579968,Tue May 14 06:23:07 WEST 2019,BR,original,94,3,0
1129216303103918080,Fri May 17 03:45:21 WEST 2019,CO,original,300,0,0
1129008739451920387,Thu May 16 14:00:34 WEST 2019,MX,original,236,0,0
1128949734792732672,Thu May 16 10:06:06 WEST 2019,ES,original,238,0,0
1128839924474626048,Thu May 16 02:49:45 WEST 2019,HR,original,304,2,0
1128771771858071554,Wed May 15 22:18:56 WEST 2019,EC,original,285,8,1
1128742065007808513,Wed May 15 20:20:53 WEST 2019,MX,original,262,1,0
1129253695290531840,Fri May 17 06:13:56 WEST 2019,US,original,140,1,0
1129185038698991619,Fri May 17 01:41:07 WEST 2019,US,original,152,0,0
1129011149557653505,Thu May 16 14:10:08 WEST 2019,US,original,102,0,0
1128433508337119232,Tue May 14 23:54:48 WEST 2019,US,original,153,0,0
1128098895555375104,Tue May 14 01:45:10 WEST 2019,AR,original,74,0,0
1127987210517532676,Mon May 13 18:21:22 WEST 2019,US,original,160,0,0
1127709438771650561,Sun May 12 23:57:36 WEST 2019,US,original,224,0,0
1127696338815033344,Sun May 12 23:05:33 WEST 2019,US,original,153,0,0
1127642724595904513,Sun May 12 19:32:30 WEST 2019,AR,original,183,0,0
1127478700193271808,Sun May 12 08:40:44 WEST 2019,AR,original,264,1,0
1127402109916237824,Sun May 12 03:36:23 WEST 2019,AR,original,226,0,0
1127267319196131329,Sat May 11 18:40:47 WEST 2019,IT,original,210,0,0
1127187540111429632,Sat May 11 13:23:46 WEST 2019,HN,original,108,0,0
1127084754166321157,Sat May 11 06:35:20 WEST 2019,AR,original,273,1,0
1127042861130747907,Sat May 11 03:48:52 WEST 2019,UY,original,155,3,0
1126717582885572610,Fri May 10 06:16:19 WEST 2019,PY,original,212,0,0
1129363047221534720,Fri May 17 13:28:27 WEST 2019,US,original,231,0,0
1129362347380711425,Fri May 17 13:25:40 WEST 2019,US,original,233,0,0
1129359761898704898,Fri May 17 13:15:24 WEST 2019,ID,original,188,0,0
1126538465674502144,Thu May 09 18:24:34 WEST 2019,MX,original,197,0,0
1129314090290167809,Fri May 17 10:13:55 WEST 2019,ES,original,303,1,2
1129309128386633728,Fri May 17 09:54:12 WEST 2019,ES,original,296,6,3
1129112340144611328,Thu May 16 20:52:14 WEST 2019,EC,original,142,0,0
1129364602096111616,Fri May 17 13:34:38 WEST 2019,NL,original,238,0,0
1129354088511082496,Fri May 17 12:52:51 WEST 2019,TW,original,113,0,0
1129348924949635074,Fri May 17 12:32:20 WEST 2019,FR,original,109,0,0
1129190573116743683,Fri May 17 02:03:06 WEST 2019,TR,original,215,0,0
1129097899424571393,Thu May 16 19:54:51 WEST 2019,ES,original,95,2,0
1129097539377127425,Thu May 16 19:53:25 WEST 2019,ES,original,91,0,0
1129029365549993984,Thu May 16 15:22:31 WEST 2019,VE,original,156,0,0
1128284836257513473,Tue May 14 14:04:02 WEST 2019,BR,original,175,0,0
1127322670700408833,Sat May 11 22:20:43 WEST 2019,BR,original,189,0,0
1126488964171542528,Thu May 09 15:07:52 WEST 2019,BR,original,196,1,1
1129139248152494080,Thu May 16 22:39:09 WEST 2019,AR,original,235,0,0
1128776557512843264,Wed May 15 22:37:57 WEST 2019,IT,original,201,1,0
1128700479171698688,Wed May 15 17:35:39 WEST 2019,US,original,130,0,0
1128700152984682498,Wed May 15 17:34:21 WEST 2019,US,original,129,0,0
1128139904943312897,Tue May 14 04:28:07 WEST 2019,IT,original,128,0,0
1128033347802787841,Mon May 13 21:24:42 WEST 2019,FR,original,228,0,0
1127908073824239617,Mon May 13 13:06:54 WEST 2019,US,original,133,0,0
1127805487192444936,Mon May 13 06:19:16 WEST 2019,GB,original,150,0,0
1129179506252615681,Fri May 17 01:19:08 WEST 2019,VE,original,236,0,0
1128812935390932992,Thu May 16 01:02:30 WEST 2019,ES,original,248,1,0
1129313997583294464,Fri May 17 10:13:33 WEST 2019,GB,original,240,0,0
1129261881884106757,Fri May 17 06:46:27 WEST 2019,ES,original,236,0,0
1129360454793535488,Fri May 17 13:18:09 WEST 2019,US,original,208,0,0
1129097024077533184,Thu May 16 19:51:22 WEST 2019,CA,original,137,0,0
1129366120237096960,Fri May 17 13:40:40 WEST 2019,AF,original,179,0,0
1129366079627616256,Fri May 17 13:40:30 WEST 2019,IN,original,199,0,0
1129366012925599747,Fri May 17 13:40:14 WEST 2019,IN,original,199,0,0
1129365131522125825,Fri May 17 13:36:44 WEST 2019,CA,original,125,0,0
1129365060659421185,Fri May 17 13:36:27 WEST 2019,US,original,255,0,0
1129364277775818753,Fri May 17 13:33:21 WEST 2019,ID,original,229,0,0
1129363047401713664,Fri May 17 13:28:27 WEST 2019,ID,original,178,0,0
1129360823464316930,Fri May 17 13:19:37 WEST 2019,IN,original,122,2,0
1129360408043589632,Fri May 17 13:17:58 WEST 2019,AU,original,304,0,0
1129360349008924673,Fri May 17 13:17:44 WEST 2019,GR,original,118,0,0
1129358990817861632,Fri May 17 13:12:20 WEST 2019,PK,original,175,0,0
1129358201290407936,Fri May 17 13:09:12 WEST 2019,CL,original,236,1,0
1129355239851741184,Fri May 17 12:57:26 WEST 2019,TW,original,236,0,0
1129353381343105025,Fri May 17 12:50:03 WEST 2019,IT,original,230,0,0
1129351192625201152,Fri May 17 12:41:21 WEST 2019,IT,original,236,0,0
1129350562229694466,Fri May 17 12:38:51 WEST 2019,BR,original,240,0,0
1129350088399216642,Fri May 17 12:36:58 WEST 2019,CA,original,240,0,1
1129365362208903169,Fri May 17 13:37:39 WEST 2019,US,original,184,0,0
1129364773731229697,Fri May 17 13:35:19 WEST 2019,US,original,181,0,0
1129357638662336513,Fri May 17 13:06:58 WEST 2019,US,original,172,0,0
1129354278211063811,Fri May 17 12:53:36 WEST 2019,US,original,235,0,0
1129347603978629120,Fri May 17 12:27:05 WEST 2019,US,original,98,0,0
1129338544739237890,Fri May 17 11:51:05 WEST 2019,US,original,240,2,0
1129336580416724992,Fri May 17 11:43:17 WEST 2019,US,original,171,0,0
1129331522060849152,Fri May 17 11:23:11 WEST 2019,US,original,301,3,0
1129329807194546177,Fri May 17 11:16:22 WEST 2019,US,original,135,0,1
1129325973428736000,Fri May 17 11:01:08 WEST 2019,US,original,135,0,1
1129324175779401731,Fri May 17 10:53:59 WEST 2019,US,original,121,0,1
1129365322547564546,Fri May 17 13:37:30 WEST 2019,US,original,112,0,0
1129354299723718658,Fri May 17 12:53:42 WEST 2019,US,original,126,0,0
1129354702724968449,Fri May 17 12:55:18 WEST 2019,FR,original,259,0,1
1129280462634070017,Fri May 17 08:00:17 WEST 2019,ES,original,303,0,0
1129365674445475840,Fri May 17 13:38:54 WEST 2019,GB,original,274,0,0
1129313048542498816,Fri May 17 10:09:47 WEST 2019,TR,original,129,0,0
1129259475263729664,Fri May 17 06:36:54 WEST 2019,DE,original,222,16,3
1129154160555831296,Thu May 16 23:38:25 WEST 2019,CL,original,219,0,0
1129355128828514305,Fri May 17 12:56:59 WEST 2019,US,original,270,0,0
1129326836935041024,Fri May 17 11:04:34 WEST 2019,GR,original,244,0,0
1129250678617120768,Fri May 17 06:01:56 WEST 2019,ES,original,235,0,0
1129241014332321792,Fri May 17 05:23:32 WEST 2019,IN,original,304,0,0
1129200738217975808,Fri May 17 02:43:30 WEST 2019,US,original,298,2,2
1129363146131427328,Fri May 17 13:28:51 WEST 2019,US,original,258,0,0
1129240965317840897,Fri May 17 05:23:21 WEST 2019,ES,original,247,0,0
1129353063356084226,Fri May 17 12:48:47 WEST 2019,BE,original,110,1,0
1129344648390909953,Fri May 17 12:15:21 WEST 2019,US,original,238,0,1
1129360662981992449,Fri May 17 13:18:59 WEST 2019,FR,original,92,0,0
1129359346578726912,Fri May 17 13:13:45 WEST 2019,FR,original,45,0,0
1129138422529122304,Thu May 16 22:35:52 WEST 2019,TR,original,69,4,0
1129077656853651456,Thu May 16 18:34:25 WEST 2019,NL,original,237,1,0
1128796797474942977,Wed May 15 23:58:23 WEST 2019,PE,original,280,2,0
1128720436857118720,Wed May 15 18:54:57 WEST 2019,GB,original,87,0,0
1129068042619641857,Thu May 16 17:56:13 WEST 2019,LK,original,171,1,0
1129352132220530688,Fri May 17 12:45:05 WEST 2019,US,original,90,0,2
1129303052253507585,Fri May 17 09:30:03 WEST 2019,US,original,94,3,4
1129227069987143680,Fri May 17 04:28:08 WEST 2019,US,original,239,1,0
1129058433385340928,Thu May 16 17:18:02 WEST 2019,ZA,original,36,0,0
1129045497900093445,Thu May 16 16:26:38 WEST 2019,US,original,279,0,1
1129042083916976129,Thu May 16 16:13:04 WEST 2019,RU,original,186,0,0
1129039639308902402,Thu May 16 16:03:21 WEST 2019,RU,original,167,0,0
1129038755589963776,Thu May 16 15:59:50 WEST 2019,RU,original,167,0,0
1129351340298313728,Fri May 17 12:41:56 WEST 2019,DE,original,167,0,0
1129256193061523457,Fri May 17 06:23:51 WEST 2019,DE,original,269,0,0
1129255546601779201,Fri May 17 06:21:17 WEST 2019,DE,original,272,0,0
1129070541174988800,Thu May 16 18:06:08 WEST 2019,DE,original,279,0,0
1129015296415735810,Thu May 16 14:26:37 WEST 2019,FR,original,209,0,0
1129345059013517313,Fri May 17 12:16:58 WEST 2019,SA,original,70,0,0
1129305559763525632,Fri May 17 09:40:01 WEST 2019,US,original,265,0,0
1129255639119781888,Fri May 17 06:21:39 WEST 2019,US,original,280,0,0
1129252236155129856,Fri May 17 06:08:08 WEST 2019,US,original,280,0,0
1129222656509829120,Fri May 17 04:10:35 WEST 2019,US,original,280,0,1
1129351256605175809,Fri May 17 12:41:36 WEST 2019,US,original,241,0,0
1129351060051648512,Fri May 17 12:40:49 WEST 2019,US,original,241,0,0
1129347587113459712,Fri May 17 12:27:01 WEST 2019,CM,original,232,1,0
1129338627279003648,Fri May 17 11:51:25 WEST 2019,US,original,84,0,0
1129351260606488577,Fri May 17 12:41:37 WEST 2019,IT,original,100,2,0
1129087374103842819,Thu May 16 19:13:02 WEST 2019,VE,original,233,0,0
1129083923789701120,Thu May 16 18:59:19 WEST 2019,VE,original,239,0,0
1128788864825470978,Wed May 15 23:26:51 WEST 2019,BR,original,123,0,0
1129362991567319040,Fri May 17 13:28:14 WEST 2019,US,original,158,0,0
1129361392941846528,Fri May 17 13:21:53 WEST 2019,PY,original,383,1,0
1129354982195703809,Fri May 17 12:56:24 WEST 2019,IE,original,66,1,0
1128111678753857536,Tue May 14 02:35:58 WEST 2019,MX,original,62,0,0
1128971381171900417,Thu May 16 11:32:07 WEST 2019,AU,original,278,1,0
1127070956390899712,Sat May 11 05:40:30 WEST 2019,US,original,32,0,0
1129325428685049856,Fri May 17 10:58:58 WEST 2019,CL,original,73,0,0
1126259038919057408,Wed May 08 23:54:14 WEST 2019,AR,original,72,1,1
1129281648418148353,Fri May 17 08:05:00 WEST 2019,US,original,64,0,0
1128452564184227841,Wed May 15 01:10:31 WEST 2019,US,original,117,0,0
1127767516959387648,Mon May 13 03:48:23 WEST 2019,SV,original,28,5,1
1125857000162828288,Tue May 07 21:16:40 WEST 2019,GB,original,28,0,0
1127305258512846848,Sat May 11 21:11:32 WEST 2019,US,original,112,0,0
1126926421027381250,Fri May 10 20:06:10 WEST 2019,GB,original,111,2,0
1129367787116355584,Fri May 17 13:47:17 WEST 2019,US,original,162,0,0
1129364408797319168,Fri May 17 13:33:52 WEST 2019,GB,original,56,0,0
1127731748111040513,Mon May 13 01:26:15 WEST 2019,EC,original,69,1,0
1126304047185694721,Thu May 09 02:53:05 WEST 2019,EC,original,165,19,1
1129326627450753027,Fri May 17 11:03:44 WEST 2019,NG,original,248,7,5
1129124532386766848,Thu May 16 21:40:41 WEST 2019,US,original,225,0,0
1129052459396001792,Thu May 16 16:54:17 WEST 2019,JP,original,59,0,0
1129331278959001600,Fri May 17 11:22:13 WEST 2019,KE,original,265,3,2
1129188190651392000,Fri May 17 01:53:38 WEST 2019,US,original,277,6,0
1129074699479277573,Thu May 16 18:22:40 WEST 2019,ES,original,261,4,1
1129145023294070789,Thu May 16 23:02:06 WEST 2019,US,original,165,1,1
1126872059831779328,Fri May 10 16:30:09 WEST 2019,NL,original,32,0,0
1126674246325932032,Fri May 10 03:24:07 WEST 2019,US,original,91,2,3
1126371116556091392,Thu May 09 07:19:35 WEST 2019,GB,original,149,20,1
1126311236558155776,Thu May 09 03:21:39 WEST 2019,CA,original,49,0,0
1129350259061219328,Fri May 17 12:37:38 WEST 2019,US,original,86,0,0
1129347013827596289,Fri May 17 12:24:45 WEST 2019,IL,original,140,36,3
1129341976598523904,Fri May 17 12:04:44 WEST 2019,GB,original,238,0,0
1129069331814469632,Thu May 16 18:01:20 WEST 2019,US,original,301,1,0
1128706376459538432,Wed May 15 17:59:05 WEST 2019,AU,original,122,0,0
1128129953650941953,Tue May 14 03:48:35 WEST 2019,US,original,193,0,0
1127469284647690240,Sun May 12 08:03:19 WEST 2019,MY,original,118,0,0
1127034075196399616,Sat May 11 03:13:57 WEST 2019,US,original,51,7,0
1129365926619549696,Fri May 17 13:39:54 WEST 2019,GB,original,238,0,0
1129354608395005952,Fri May 17 12:54:55 WEST 2019,US,original,218,0,0
1129296825708666880,Fri May 17 09:05:19 WEST 2019,US,original,215,0,0
1129293645021110272,Fri May 17 08:52:40 WEST 2019,US,original,16,0,0
1129281933739868162,Fri May 17 08:06:08 WEST 2019,US,original,280,1,1
1129272271942475778,Fri May 17 07:27:45 WEST 2019,TH,original,139,0,0
1129272198311567360,Fri May 17 07:27:27 WEST 2019,TH,original,139,0,0
1129270768779583488,Fri May 17 07:21:46 WEST 2019,ZA,original,114,0,0
1129357091926228992,Fri May 17 13:04:47 WEST 2019,IN,original,135,1,0
1129353725863010304,Fri May 17 12:51:25 WEST 2019,IN,original,119,0,0
1128139840997011457,Tue May 14 04:27:52 WEST 2019,MY,original,131,1,0
1129165640638459905,Fri May 17 00:24:02 WEST 2019,US,original,263,0,0
1128953218774388736,Thu May 16 10:19:56 WEST 2019,AE,original,203,1,0
1129351822643212288,Fri May 17 12:43:51 WEST 2019,PE,original,169,0,0
1129350559063056384,Fri May 17 12:38:50 WEST 2019,PE,original,203,0,0
1129343794304999424,Fri May 17 12:11:57 WEST 2019,SA,original,59,0,0
1129365675355648002,Fri May 17 13:38:54 WEST 2019,CO,original,179,0,0
1129364752616939521,Fri May 17 13:35:14 WEST 2019,CO,original,229,0,0
1129359779279843329,Fri May 17 13:15:28 WEST 2019,GB,original,290,0,0
1129366170275074049,Fri May 17 13:40:52 WEST 2019,US,original,136,0,0
1129018800899264512,Thu May 16 14:40:32 WEST 2019,ES,original,209,5,0
1129365493838680064,Fri May 17 13:38:10 WEST 2019,IT,original,80,0,0
1129365464671326209,Fri May 17 13:38:04 WEST 2019,GB,original,168,0,0
1129365430878056450,Fri May 17 13:37:55 WEST 2019,GB,original,180,0,0
1129365327492583424,Fri May 17 13:37:31 WEST 2019,GB,original,180,0,0
1129365240154484736,Fri May 17 13:37:10 WEST 2019,GB,original,176,0,0
1129356797582688256,Fri May 17 13:03:37 WEST 2019,IT,original,166,0,0
1129354337354997760,Fri May 17 12:53:51 WEST 2019,ES,original,232,1,1
1129340030034546693,Fri May 17 11:56:59 WEST 2019,ES,original,105,2,1
1129328014339321856,Fri May 17 11:09:15 WEST 2019,ES,original,288,3,1
1129267132620050432,Fri May 17 07:07:19 WEST 2019,ES,original,258,0,0
1129199089269313536,Fri May 17 02:36:57 WEST 2019,DE,original,260,0,0
1129136302950162432,Thu May 16 22:27:27 WEST 2019,GB,original,130,0,0
1128995205212966913,Thu May 16 13:06:47 WEST 2019,ES,original,301,30,0
1129316413854953472,Fri May 17 10:23:09 WEST 2019,GB,original,128,0,0
1129216614094823429,Fri May 17 03:46:35 WEST 2019,BR,original,80,0,0
1129125325240246274,Thu May 16 21:43:50 WEST 2019,ES,original,131,0,1
1129218349915922433,Fri May 17 03:53:29 WEST 2019,SG,original,243,1,0
1129017232313470976,Thu May 16 14:34:18 WEST 2019,SG,original,215,0,0
1128995205212966913,Thu May 16 13:06:47 WEST 2019,ES,original,301,30,0
1128915850172555264,Thu May 16 07:51:27 WEST 2019,ES,original,300,26,0
1128676867232419840,Wed May 15 16:01:49 WEST 2019,ES,original,208,0,0
1129354449443524610,Fri May 17 12:54:17 WEST 2019,IT,original,197,0,0
1129287105887105024,Fri May 17 08:26:41 WEST 2019,JP,original,80,0,0
1129280664971300864,Fri May 17 08:01:06 WEST 2019,AU,original,48,0,0
1129367115620765697,Fri May 17 13:44:37 WEST 2019,JP,original,179,0,0
1129359529131630592,Fri May 17 13:14:28 WEST 2019,US,original,150,3,0
1129358559378939905,Fri May 17 13:10:37 WEST 2019,JP,original,93,0,0
1127416638096146433,Sun May 12 04:34:07 WEST 2019,US,original,212,0,0
1128821609287098375,Thu May 16 01:36:58 WEST 2019,PE,original,168,0,0
1128744133407977474,Wed May 15 20:29:07 WEST 2019,CL,original,240,0,0
1128682662317654016,Wed May 15 16:24:51 WEST 2019,ES,original,182,0,0
1128579591340265472,Wed May 15 09:35:17 WEST 2019,ES,original,206,0,0
1129077495863685122,Thu May 16 18:33:46 WEST 2019,US,original,208,0,0
1128833441393455104,Thu May 16 02:23:59 WEST 2019,US,original,207,0,0
1128741180664098816,Wed May 15 20:17:23 WEST 2019,GB,original,195,1,1
1129312259120029697,Fri May 17 10:06:38 WEST 2019,JP,original,183,0,0
1129159114607800320,Thu May 16 23:58:06 WEST 2019,US,original,66,0,0
1129134313121943553,Thu May 16 22:19:33 WEST 2019,GB,original,92,0,0
1129067141209165824,Thu May 16 17:52:38 WEST 2019,JP,original,145,0,0
1129359561335484416,Fri May 17 13:14:36 WEST 2019,DE,original,211,2,0
1129293942934167552,Fri May 17 08:53:51 WEST 2019,AU,original,201,0,0
1129262763979624448,Fri May 17 06:49:58 WEST 2019,MN,original,280,7,2
1129256720520232960,Fri May 17 06:25:57 WEST 2019,TH,original,202,0,0
1129246796948025347,Fri May 17 05:46:31 WEST 2019,MV,original,119,0,0
1129241595323097088,Fri May 17 05:25:51 WEST 2019,SE,original,234,1,0
1129235233088212993,Fri May 17 05:00:34 WEST 2019,RO,original,193,0,0
1129212504834420736,Fri May 17 03:30:15 WEST 2019,MX,original,62,0,0
1129209727743696902,Fri May 17 03:19:13 WEST 2019,IN,original,173,3,0
1129208829856534529,Fri May 17 03:15:39 WEST 2019,IN,original,93,1,1
1129204447492677632,Fri May 17 02:58:14 WEST 2019,US,original,84,0,0
1127046141273468929,Sat May 11 04:01:54 WEST 2019,US,original,166,0,0
